2072,59652,53063,84
1802,59691,53074,69
2053,59712,53079,74
2076,59720,53080,39
2100,59715,53081,-235
2092,59718,53078,-276
2036,59719,53078,-16
2026,59717,53073,7
2089,59715,53072,-230
3288,59722,53068,-409
3186,59730,53070,-382
1972,59733,53068,-97
1936,59749,53079,373
1942,59761,53082,348
1896,59769,53083,324
1892,59781,53088,337
1956,59789,53093,-295
1960,59804,53090,-485
1972,59792,53083,-489
1972,59749,53072,-161
1944,59673,53056,-42
1994,59603,53031,-91
1928,59540,53010,275
1926,59508,53002,279
2028,59493,52996,244
2024,59475,52983,-122
2032,59458,52977,-110
2012,59442,52967,-53
2028,59431,52969,63
2033,59429,52961,33
2010,59423,52953,229
2026,59416,52957,227
2080,59415,52950,49
2072,59417,52953,-102
2080,59413,52950,-91
2046,59398,52945,-1
1960,59398,52941,24
1964,59405,52941,13
3656,59422,52947,55
3528,59427,52950,47
1992,59437,52951,51
1888,59450,52958,-69
1904,59471,52961,-67
1856,59501,52973,7
1944,59533,52984,11
1944,59560,52994,7
1904,59569,52991,1
1708,59550,52987,7
1964,59493,52971,-14
1964,59414,52938,-51
1979,59341,52915,-55
1952,59306,52902,4
2042,59294,52899,8
2152,59298,52900,9
1992,59302,52896,11
2000,59310,52893,24
2012,59315,52891,18
2044,59319,52893,9
2056,59346,52898,8
2047,59375,52906,-23
2160,59407,52917,3
2149,59422,52922,-3
2064,59428,52923,-35
2074,59439,52922,1
1960,59449,52928,-15
2112,59467,52930,-15
2090,59481,52935,-18
2116,59503,52937,50
2836,59522,52942,32
2736,59542,52948,26
2046,59570,52966,-23
1964,59599,52966,-2
1928,59624,52977,-19
1980,59650,52986,-23
1988,59671,52988,-39
1948,59698,52996,30
2040,59706,52998,21
2021,59683,52988,15
2010,59612,52963,-56
2016,59520,52932,-50
1984,59455,52906,-68
2072,59419,52897,10
2088,59419,52891,-3
1968,59418,52891,13
2048,59419,52887,33
2040,59429,52891,44
2088,59434,52892,18
2097,59441,52887,20
2040,59459,52894,-49
2096,59477,52903,-1
2112,59486,52901,-17
2060,59496,52903,38
2132,59493,52901,18
2132,59490,52901,31
2088,59498,52902,-30
2104,59503,52900,-28
2088,59514,52905,-42
2044,59536,52906,4
2032,59563,52918,-16
3496,59595,52929,41
2266,59614,52932,19
2232,59632,52939,47
1996,59655,52945,-24
1996,59669,52952,-11
1924,59693,52953,-39
1994,59707,52963,23
2004,59729,52965,12
2004,59748,52971,36
2012,59744,52970,7
1828,59708,52958,26
2052,59647,52938,-43
2040,59583,52916,-30
1968,59551,52904,-49
2040,59548,52900,4
2033,59555,52907,-9
2004,59567,52909,18
2028,59578,52908,-6
2020,59578,52906,8
2072,59585,52909,-38
2064,59602,52914,-37
2012,59615,52917,-1
2092,59624,52919,19
2200,59624,52914,16
2044,59626,52918,0
2120,59632,52915,-22
2096,59649,52921,-9
1932,59660,52929,-42
2108,59686,52934,-47
2044,59709,52946,9
2092,59731,52948,38
2080,59754,52958,38
2392,59774,52963,13
2528,59793,52972,-32
2400,59816,52975,-23
1960,59824,52978,-36
1968,59847,52985,-43
1888,59870,52992,2
1920,59888,52996,31
1920,59904,53003,25
1968,59920,53006,-2
1968,59924,53007,-21
1968,59893,52998,-10
2024,59848,52980,-25
2016,59798,52967,-35
1976,59761,52951,12
2008,59752,52953,50
2024,59753,52947,41
2048,59765,52947,5
2021,59766,52947,-13
2010,59761,52942,-2
2102,59770,52946,-17
2094,59782,52950,-26
2040,59793,52952,37
2084,59792,52948,26
2068,59799,52949,30
2080,59816,52958,-2
2032,59818,52955,-63
2046,59816,52957,-57
2148,59818,52953,13
2136,59836,52957,-12
2124,59851,52966,4
2112,59861,52964,11
2100,59875,52967,19
2044,59886,52966,-29
3600,59898,52974,-59
3488,59917,52979,-62
2096,59939,52987,-3
2068,59961,52991,-18
1946,59977,52995,40
1961,59990,53005,27
1952,60008,53007,40
2012,60025,53007,-18
1980,60033,53008,-45
1993,60027,53006,-50
2064,59988,53001,2
2062,59932,52972,-12
2044,59881,52952,46
2008,59844,52947,24
2109,59841,52939,47
2080,59849,52943,-26
2037,59855,52943,-23
2052,59855,52947,-32
2052,59856,52940,20
2040,59862,52939,5
2084,59865,52937,28
2072,59877,52939,-7
2056,59889,52946,5
2105,59898,52950,-39
1808,59902,52950,-17
2074,59904,52949,-29
2112,59903,52944,25
2074,59912,52946,19
2100,59927,52953,45
2022,59943,52957,0
2020,59960,52963,8
2088,59983,52973,-40
3428,60000,52980,-6
3348,60019,52983,-19
2032,60039,52990,30
2024,60052,52995,20
1968,60072,53005,31
1922,60089,53007,-30
1900,60103,53012,-27
1973,60115,53014,-36
1964,60119,53016,-4
1984,60120,53016,-25
2005,60091,53000,34
2000,60042,52987,29
1992,59994,52974,22
1930,59957,52955,-1
1932,59949,52958,0
2034,59954,52956,-25
1992,59967,52958,21
1993,59974,52958,8
1988,59981,52956,35
1988,59978,52958,29
2046,59988,52961,5
1992,60004,52962,-21
1998,60023,52967,-11
2064,60032,52972,-17
2056,60037,52969,23
2047,60031,52967,5
2032,60040,52968,35
2028,60042,52973,41
2090,60059,52976,-21
2042,60067,52976,-30
2056,60081,52981,-22
1992,60086,52983,-2
3864,60102,52983,24
3875,60105,52987,13
2096,60110,52990,40
2088,60119,52985,47
1984,60127,52992,0
1880,60144,52993,-37
1646,60158,53000,-31
1964,60164,53004,-20
1984,60170,53002,32
1994,60167,52998,26
1994,60127,52983,35
1996,60072,52965,42
2040,60008,52945,-14
1988,59959,52931,-51
2000,59935,52920,-51
2046,59931,52915,-19
2060,59925,52913,21
2056,59919,52912,17
1992,59921,52910,19
1964,59919,52907,33
2064,59930,52905,-4
2056,59942,52910,-46
2070,59950,52917,-50
1868,59949,52911,6
2088,59951,52915,40
2068,59953,52913,39
2064,59952,52914,2
2057,59954,52914,22
2136,59961,52915,-11
2172,59975,52917,-29
2084,59992,52925,-37
1976,60008,52927,11
3784,60029,52935,58
3728,60047,52941,54
2052,60065,52941,6
2040,60087,52952,27
2000,60103,52959,-36
1952,60122,52959,-62
1976,60137,52964,-66
1956,60158,52974,17
2056,60166,52978,38
2052,60168,52974,36
1984,60140,52959,-2
2022,60087,52945,3
2040,60027,52926,-49
2016,59973,52910,-18
2025,59938,52894,-33
1998,59931,52893,10
2074,59944,52894,23
2078,59948,52894,23
2016,59958,52892,4
2028,59959,52893,6
2076,59966,52895,-32
2082,59970,52889,-3
2100,59974,52891,-20
2064,59975,52893,14
2152,59976,52889,-10
2144,59967,52884,0
2084,59966,52888,267
2096,59974,52883,314
2096,59975,52886,242
2088,59989,52888,5
2092,60002,52894,0
2018,60019,52898,177
3088,60039,52905,-268
2992,60040,52907,-251
1984,60053,52902,-218
1996,60060,52910,-206
1957,60073,52917,23
1992,60078,52914,125
2001,60089,52915,104
1962,60095,52919,-68
2076,60109,52918,-94
2064,60098,52920,-62
2042,60057,52901,58
2156,59993,52882,132
2008,59920,52863,-9
2046,59866,52843,-72
2052,59846,52838,-92
1992,59850,52840,1
2056,59864,52843,-2
2092,59876,52850,4
2022,59888,52849,6
2032,59900,52851,5
2020,59919,52856,2
1916,59929,52864,-1
2092,59944,52867,7
2032,59954,52869,18
2116,59954,52864,1
2105,59948,52869,0
2100,59954,52863,19
2120,59955,52871,35
2136,59963,52871,-62
1972,59976,52875,-45
1968,59987,52882,-56
3724,60006,52883,3
2150,60021,52887,21
2120,60028,52885,21
1920,60046,52893,-16
1919,60064,52898,-2
1896,60078,52905,11
1952,60098,52912,-20
1954,60120,52921,-26
1948,60133,52922,-4
1968,60128,52921,39
1980,60079,52904,38
1992,60006,52880,-3
1990,59917,52851,15
1928,59849,52833,-38
2016,59825,52823,-23
2017,59817,52816,-28
1968,59827,52821,21
2012,59827,52820,27
2004,59832,52820,19
2064,59851,52826,-25
2068,59857,52824,-11
2000,59866,52831,-17
2072,59865,52825,-16
2070,59867,52824,-26
2026,59863,52823,12
2080,59866,52820,34
2064,59864,52821,30
2108,59872,52821,-10
2112,59885,52828,1
2056,59892,52829,-52
2040,59908,52835,18
2032,59923,52839,0
3344,59944,52848,27
2224,59960,52850,6
2203,59975,52855,11
1970,59989,52858,-11
1794,60009,52865,-14
1917,60026,52871,-33
1984,60039,52869,-15
1972,60051,52870,-25
2004,60064,52872,27
2032,60060,52873,17
2130,60012,52861,29
2040,59919,52829,-24
2044,59815,52795,-13
1992,59733,52766,-42
2052,59695,52757,11
2044,59684,52751,-6
2050,59691,52757,18
2034,59701,52755,-7
2028,59705,52754,7
2092,59713,52755,-19
2096,59730,52759,-9
1824,59741,52759,-8
2084,59747,52762,7
2056,59748,52760,-10
2096,59743,52758,55
2085,59734,52756,18
2064,59729,52752,31
2216,59728,52747,-30
2128,59739,52751,-27
2080,59750,52755,-4
2018,59767,52762,42
2002,59780,52767,28
3728,59802,52773,20
2154,59818,52779,0
2100,59837,52781,4
1994,59862,52790,-58
2000,59889,52797,-53
1944,59908,52804,2
1965,59923,52811,5
1960,59943,52816,8
2008,59950,52816,10
2000,59934,52810,-37
1992,59885,52794,-19
2040,59795,52764,-54
2021,59696,52730,-61
1976,59633,52707,-11
2000,59606,52705,17
2000,59611,52705,11
2068,59624,52706,18
2016,59636,52708,18
2016,59663,52712,18
2072,59679,52717,-8
2060,59705,52726,-15
2044,59722,52731,4
2020,59739,52738,61
2016,59756,52742,56
2104,59761,52743,15
2020,59759,52744,-28
2030,59772,52747,-12
2056,59781,52749,-23
2058,59786,52749,-32
2036,59799,52750,35
2828,59816,52761,51
2924,59837,52767,52
2368,59861,52773,-29
1924,59876,52776,-43
1834,59892,52783,-34
1944,59902,52787,-7
1954,59904,52789,-16
1956,59918,52789,11
1956,59938,52795,28
1973,59953,52801,26
2064,59945,52800,-14
1996,59934,52810,-46
1994,59822,52762,-44
2020,59745,52736,-7
2014,59692,52724,-20
2020,59688,52719,25
2008,59706,52729,10
2046,59736,52739,11
2080,59769,52753,-23
2046,59811,52766,-43
2064,59851,52776,-42
1882,59884,52789,-16
2072,59913,52800,-21
2056,59935,52802,32
2032,59950,52812,43
2033,59951,52811,40
2096,59949,52808,-25
2156,59955,52813,-30
2067,59968,52813,-23
2052,59972,52816,21
2042,59991,52823,11
1960,60010,52822,44
3840,60033,52830,4
3824,60044,52835,25
2128,60058,52845,41
1900,60077,52849,-18
1917,60091,52852,-24
1900,60109,52860,25
1888,60125,52861,15
1962,60145,52867,33
1888,60161,52872,-3
1919,60162,52876,20
2017,60138,52866,-43
1972,60067,52847,-31
1982,59997,52821,-44
1988,59939,52803,38
1980,59917,52798,32
2076,59917,52795,30
2008,59930,52801,0
1998,59949,52807,-59
2064,59955,52808,-45
2042,59972,52817,-3
2047,59992,52817,-20
2040,60006,52824,32
2032,60017,52826,28
2092,60032,52835,8
2082,60041,52831,-9
2098,60045,52836,2
2140,60043,52836,-33
2128,60057,52840,4
2132,60074,52845,-15
2064,60093,52851,52
2056,60112,52856,46
2034,60133,52866,32
3408,60143,52866,-15
3322,60161,52868,-9
2029,60179,52876,-23
1992,60198,52883,10
1993,60215,52886,-1
1924,60230,52892,33
1918,60246,52896,42
2040,60258,52900,2
2001,60253,52896,-21
2125,60241,52893,-8
2020,60196,52878,-28
2060,60124,52857,8
2056,60051,52831,1
2016,59996,52816,46
2012,59981,52809,35
2092,59982,52807,-26
2064,59981,52805,-40
2078,59994,52806,-28
2060,60007,52814,-23
1876,60017,52814,11
2130,60035,52821,6
2064,60057,52823,21
2041,60074,52833,24
2092,60076,52832,-23
2130,60063,52824,-61
2146,60062,52821,-65
2216,60064,52823,-44
2152,60068,52825,17
2154,60079,52828,12
2124,60101,52835,29
2117,60135,52847,36
2068,60160,52851,15
3276,60177,52867,-64
3120,60205,52871,-70
2046,60226,52882,-4
2040,60241,52883,-15
2016,60252,52888,49
1962,60265,52891,44
1967,60279,52892,51
2008,60291,52899,-38
2056,60299,52897,-38
2073,60295,52894,-41
2032,60252,52883,22
2020,60175,52861,8
2112,60111,52839,50
2020,60075,52825,28
2030,60062,52823,48
2064,60070,52826,-4
2060,60084,52830,-37
2072,60108,52834,-44
2028,60131,52845,16
2018,60149,52852,2
2130,60172,52857,65
2036,60194,52862,49
2046,60204,52865,62
2096,60204,52867,-30
2112,60202,52864,-21
2108,60203,52865,-36
2100,60208,52873,28
2092,60222,52875,20
2140,60235,52878,46
1976,60257,52880,1
1982,60278,52893,16
3684,60294,52895,-30
2176,60302,52901,-44
2010,60312,52900,-50
1936,60335,52907,19
1940,60350,52915,18
1968,60365,52920,21
1964,60382,52929,-15
1989,60394,52926,-11
2008,60404,52928,-31
2044,60388,52923,2
2054,60333,52905,-16
1988,60257,52880,19
1988,60186,52859,23
2034,60149,52849,13
2018,60144,52844,-24
2058,60156,52851,-15
2026,60175,52857,-33
2076,60185,52859,-11
2076,60194,52860,-26
1796,60210,52866,29
1994,60231,52869,28
2064,60253,52883,18
2028,60259,52882,-15
2044,60260,52878,-9
2040,60257,52880,-33
2188,60258,52879,5
2092,60259,52880,-7
2032,60264,52880,39
2046,60271,52882,37
2064,60283,52886,43
1980,60290,52886,-62
1993,60305,52892,-52
3592,60314,52896,-45
2056,60333,52899,-6
2054,60349,52904,-12
1916,60366,52909,77
1938,60379,52913,87
1942,60392,52918,14
1968,60406,52922,-31
1999,60421,52928,-30
1969,60422,52926,-26
2040,60392,52916,14
2032,60320,52890,14
1980,60239,52874,37
1987,60174,52847,39
2008,60143,52834,11
2072,60146,52837,-38
2066,60157,52841,-42
2004,60170,52845,-12
2072,60173,52843,27
2054,60186,52849,28
2040,60209,52853,28
2047,60219,52852,35
2074,60238,52867,-17
2068,60251,52868,-29
2072,60253,52865,-35
2084,60253,52869,25
2116,60255,52863,37
2112,60259,52871,34
2106,60275,52873,7
2105,60295,52876,18
2088,60315,52883,-23
2464,60338,52892,-12
2564,60358,52895,-18
2440,60371,52897,-8
1984,60391,52905,9
1980,60409,52911,5
1976,60430,52914,6
1986,60446,52921,20
1960,60453,52924,-8
2040,60465,52927,-40
2145,60477,52929,-41
2020,60457,52922,-3
2072,60406,52904,11
2052,60323,52878,8
2036,60234,52847,11
2060,60183,52829,18
2026,60165,52822,-11
2074,60171,52826,-11
2072,60173,52823,-26
2024,60184,52828,12
1836,60189,52832,29
2076,60196,52832,35
2064,60200,52830,6
2046,60207,52837,10
2017,60216,52839,-16
2140,60208,52832,-8
2136,60201,52829,-17
2144,60193,52827,14
2080,60189,52821,21
2068,60182,52821,37
2088,60185,52825,-9
2096,60189,52825,-2
2016,60192,52824,-26
2916,60202,52824,1
2780,60208,52830,-15
1952,60220,52831,24
1944,60228,52834,0
1936,60236,52837,15
1970,60252,52836,-11
1980,60265,52848,-2
1928,60276,52849,-32
2024,60277,52851,2
2016,60257,52847,-12
1976,60184,52820,36
1986,60089,52789,-1
1975,59995,52763,17
2004,59928,52738,-37
2021,59900,52729,-24
1960,59895,52731,-11
2020,59906,52727,24
2042,59916,52732,17
2016,59939,52740,29
2036,59951,52742,0
2016,59963,52748,9
2040,59973,52751,-38
2049,59978,52751,-32
2004,59978,52750,-29
2104,59974,52750,15
2092,59968,52752,13
2064,59972,52746,16
2060,59979,52753,-19
2045,59987,52755,-9
2016,60004,52755,-41
1997,60016,52766,-44
3848,60029,52772,0
2112,60044,52774,33
1906,60066,52779,37
1954,60085,52781,33
1898,60101,52786,-10
1893,60114,52795,-6
1996,60128,52796,-42
1992,60140,52804,-45
1936,60142,52804,0
2016,60107,52792,39
2010,60016,52762,39
2008,59901,52725,16
1980,59796,52695,-36
1972,59740,52676,-25
2044,59728,52672,-50
2088,59730,52672,-62
2024,59747,52679,4
2048,59755,52671,42
2042,59764,52675,39
1872,59774,52687,3
2040,59788,52684,-38
2014,59796,52685,-26
2100,59814,52695,-32
2090,59829,52695,-30
2088,59829,52700,18
2208,59824,52698,50
2092,59827,52697,42
2128,59836,52696,16
2016,59851,52703,-42
2013,59866,52710,-27
3232,59881,52714,-36
3326,59904,52719,-45
2306,59920,52727,2
1980,59940,52732,26
1988,59964,52741,33
2000,59983,52749,10
1944,60005,52748,-23
1952,60025,52757,-29
2024,60043,52763,-39
2044,60035,52760,-49
2046,59991,52748,19
2036,59890,52716,40
2036,59783,52680,57
2088,59701,52655,-2
2024,59662,52643,-41
2033,59661,52644,-48
2104,59679,52650,-4
2092,59692,52651,-15
2068,59701,52656,34
2068,59711,52654,0
2067,59732,52661,19
2124,59747,52666,-5
2044,59769,52673,-36
2052,59777,52674,-40
2160,59785,52675,3
2153,59787,52678,-10
2116,59782,52671,31
2096,59799,52684,-3
2082,59809,52684,7
2140,59833,52695,-32
2186,59859,52702,-31
2244,59888,52711,-33
2684,59921,52722,12
2604,59946,52734,7
2010,59988,52747,7
1938,60007,52751,-3
1940,60031,52761,9
2000,60048,52760,-18
2024,60067,52770,-9
2021,60094,52778,-22
2048,60101,52780,12
2148,60057,52766,5
2076,59969,52735,15
2026,59877,52708,6
2020,59816,52690,18
2072,59790,52684,-19
2020,59797,52686,4
2093,59818,52689,-10
2064,59832,52694,20
2066,59849,52700,10
2084,59870,52703,16
1904,59892,52710,7
2064,59915,52720,6
2092,59923,52720,-23
2120,59933,52724,-21
2128,59935,52726,-33
2096,59935,52722,9
2088,59922,52720,9
2186,59921,52721,1
2068,59942,52727,-20
2076,59968,52733,-3
2112,59984,52739,-27
2956,59993,52746,0
2876,60011,52743,-17
2025,60022,52750,25
1988,60040,52761,20
2016,60054,52761,11
1948,60072,52771,-38
1958,60088,52775,-24
2046,60111,52785,-21
2046,60116,52782,-5
2081,60107,52779,-12
2056,60056,52768,31
2040,59976,52743,30
2098,59892,52715,-7
2024,59837,52698,-20
2032,59821,52693,-11
2080,59828,52698,-2
2076,59844,52702,24
2082,59853,52704,19
2084,59861,52703,41
2072,59872,52707,49
2112,59881,52710,-1
2056,59896,52717,-27
2064,59900,52715,-30
2072,59902,52720,-8
2140,59897,52710,30
2148,59902,52716,25
2053,59908,52715,29
2049,59912,52720,42
2112,59924,52723,-26
2040,59938,52726,-45
2050,59963,52733,-51
2708,59975,52748,-10
2364,59984,52743,37
2344,60006,52754,33
1940,60027,52750,19
1812,60050,52768,38
1988,60084,52777,-8
1940,60103,52782,-21
1942,60123,52794,-37
1970,60138,52792,-31
2008,60137,52794,62
2117,60107,52788,63
1996,60042,52765,24
1985,59962,52744,21
2028,59897,52721,39
2024,59876,52714,-9
2033,59884,52717,-37
2018,59898,52721,-26
2080,59911,52723,-27
2088,59923,52730,40
2024,59936,52729,18
2032,59948,52733,0
1900,59953,52733,33
2044,59965,52741,0
2025,59968,52740,-7
2052,59977,52737,-41
2128,59973,52743,-24
2124,59974,52741,-42
2156,59972,52735,23
2064,59989,52741,22
2106,60005,52745,18
2024,60015,52749,-9
2016,60035,52757,4
3540,60052,52762,-47
2260,60063,52771,-17
2210,60078,52772,-32
1944,60091,52774,16
1964,60119,52785,13
1968,60135,52795,18
1976,60145,52794,-10
1992,60165,52803,-12
1976,60176,52803,-30
2093,60162,52801,5
2089,60112,52785,-13
2036,60042,52760,19
2050,59960,52740,19
2036,59921,52723,23
2044,59903,52713,-32
2047,59907,52716,-19
2024,59920,52724,-28
2064,59922,52720,5
2067,59927,52723,-17
2034,59937,52723,22
2049,59936,52723,13
2076,59941,52724,7
2088,59946,52736,-21
2088,59954,52729,-14
2028,59949,52727,-22
2074,59951,52730,5
2072,59955,52731,-6
2088,59961,52732,29
2100,59978,52738,34
2082,59999,52748,0
2104,60020,52755,-23
2100,60041,52760,-23
1968,60068,52768,-14
3656,60086,52775,10
3344,60104,52779,11
2148,60120,52785,32
2132,60135,52792,38
1954,60162,52800,4
1988,60181,52809,-22
1986,60199,52816,-31
1962,60218,52820,-12
2056,60228,52822,11
2047,60225,52821,6
2046,60191,52806,16
2068,60134,52794,30
2040,60058,52771,-6
2060,60011,52753,-36
2036,59991,52748,-42
2032,60009,52753,-4
2064,60031,52765,39
2064,60048,52763,30
1818,60065,52766,16
2042,60069,52770,34
2042,60086,52772,-10
2100,60098,52775,-21
2092,60107,52776,-27
2012,60105,52773,14
2176,60105,52778,18
2088,60106,52778,27
2112,60097,52776,-11
2112,60108,52782,6
2080,60128,52785,-20
2124,60134,52789,-23
2124,60153,52796,-29
1980,60172,52798,12
3552,60189,52811,13
3568,60197,52813,20
2216,60218,52818,0
2200,60223,52821,8
1936,60238,52829,-15
1973,60254,52828,0
2000,60262,52832,-14
1962,60272,52835,14
2054,60277,52834,13
2050,60281,52839,22
2104,60259,52829,0
2123,60203,52815,-4
2044,60123,52784,-19
2047,60063,52769,0
2046,60026,52759,-16
1996,60019,52756,32
2033,60026,52759,10
2028,60039,52767,30
2080,60057,52765,28
2080,60078,52773,4
2034,60093,52780,0
2080,60110,52788,12
2080,60127,52788,3
2047,60128,52791,30
2092,60124,52789,-8
2072,60128,52788,20
2088,60131,52793,-42
2086,60136,52795,-35
2024,60145,52793,-32
2108,60152,52800,8
2090,60172,52805,1
2548,60190,52811,7
2360,60203,52822,-11
2332,60217,52824,12
2008,60222,52821,-41
2012,60241,52828,-28
1936,60259,52840,-13
2012,60280,52841,14
2116,60297,52849,6
2024,60317,52859,15
2052,60321,52859,-14
2052,60303,52853,1
2100,60239,52834,-38
2100,60161,52809,-21
2020,60091,52785,-4
2074,60049,52778,35
2065,60048,52773,35
2036,60067,52787,42
1888,60099,52799,1
2056,60120,52801,7
2084,60147,52810,-22
2064,60159,52817,-12
2034,60180,52821,9
2072,60201,52825,29
2072,60212,52834,27
2176,60215,52836,31
2104,60203,52825,-6
2090,60207,52822,-3
2120,60206,52829,-34
2114,60214,52835,-36
2080,60229,52835,2
2112,60237,52840,28
2060,60255,52841,25
2972,60270,52846,3
2256,60285,52851,-26
2224,60304,52854,-10
1980,60316,52865,-46
1972,60327,52867,-45
1900,60347,52869,0
1952,60364,52877,25
1946,60388,52883,17
1978,60404,52889,-5
1986,60407,52890,-37
1980,60374,52880,-28
2036,60292,52854,-26
2031,60199,52825,-34
1976,60133,52801,12
2000,60096,52791,55
1985,60087,52790,52
2044,60095,52793,0
2022,60110,52796,-20
2002,60122,52799,-15
2072,60133,52810,3
2064,60144,52806,-9
2040,60154,52807,25
2046,60160,52812,40
2042,60168,52813,45
2092,60168,52810,-5
2060,60164,52808,-34
2060,60162,52805,-3
2128,60152,52805,10
2130,60163,52805,-5
2112,60177,52808,29
1976,60185,52811,0
1775,60195,52813,22
3776,60214,52818,-24
2080,60221,52820,-3
2066,60236,52827,-9
1988,60254,52839,26
1974,60274,52839,10
2000,60301,52849,20
1960,60311,52850,-44
1957,60325,52850,-17
2060,60324,52858,-36
2024,60315,52844,-30
2032,60254,52831,-31
2060,60168,52806,25
2027,60068,52771,7
2040,60010,52756,30
2016,59985,52743,-28
2014,59992,52750,-10
1876,60000,52748,-28
2034,60027,52757,-3
2016,60044,52766,-23
2046,60059,52759,49
2040,60077,52773,18
2084,60100,52775,35
2148,60107,52782,-29
2040,60117,52779,-14
2144,60120,52789,-26
2080,60122,52781,-4
2090,60119,52780,-20
2080,60131,52789,38
2082,60143,52794,32
2048,60162,52797,26
3384,60184,52800,-6
3452,60197,52810,1
2274,60207,52808,-21
1968,60224,52815,0
1980,60245,52817,-19
1944,60250,52819,20
1966,60254,52820,13
2020,60276,52822,10
2020,60285,52831,-36
2016,60291,52829,-30
2100,60272,52827,-43
2068,60201,52803,7
2096,60104,52772,-6
2052,60015,52736,28
2039,59968,52733,17
2064,59966,52726,-6
2044,59970,52729,-6
2058,59995,52733,4
2096,60011,52744,-20
2080,60039,52748,47
2081,60056,52752,25
2065,60074,52760,26
2061,60091,52762,27
2100,60106,52767,-9
2100,60114,52773,-51
2110,60109,52769,-35
2104,60115,52778,-4
2100,60123,52775,35
2105,60139,52780,21
2056,60162,52789,28
2041,60183,52800,31
2756,60218,52807,0
2308,60238,52817,-35
2303,60264,52825,-29
1970,60280,52831,-22
1938,60304,52837,29
1946,60318,52838,22
1932,60327,52848,12
2045,60348,52846,10
1996,60357,52853,-32
1992,60353,52846,-42
2010,60314,52836,-43
2004,60238,52816,-18
2010,60146,52785,32
2146,60085,52764,33
1984,60055,52759,-5
1980,60052,52751,9
2040,60055,52758,-28
1864,60068,52756,-24
2021,60080,52759,-23
2032,60089,52759,-1
2066,60096,52768,39
2072,60113,52768,28
2000,60123,52767,1
2009,60118,52767,14
2176,60105,52764,-2
2068,60100,52762,-12
2076,60097,52759,-28
2066,60116,52765,28
2100,60131,52774,31
2104,60147,52780,30
1944,60172,52788,-5
1930,60197,52792,4
3760,60211,52800,-39
2092,60234,52808,-4
2085,60248,52815,-26
1936,60267,52823,13
1946,60279,52820,32
1983,60292,52829,27
1920,60311,52829,-24
1926,60311,52829,-7
2024,60306,52826,-39
2028,60288,52821,-4
2042,60222,52804,-26
2016,60130,52771,11
2056,60059,52750,19
2054,60022,52742,33
2004,60015,52733,-13
2008,60015,52735,0
2060,60019,52732,-42
2058,60041,52736,-23
2052,60065,52751,-34
2036,60083,52754,15
2088,60105,52762,13
2096,60125,52765,33
2032,60123,52763,-7
2040,60128,52765,3
2116,60131,52770,-36
2088,60140,52762,-13
2097,60142,52772,-27
2058,60155,52768,13
2114,60175,52777,6
2116,60182,52778,30
2016,60203,52782,-18
1912,60217,52791,-15
3080,60229,52789,-42
2047,60244,52795,19
2056,60259,52800,3
1956,60277,52811,42
2002,60292,52814,2
2104,60311,52817,20
1976,60337,52824,-10
2000,60347,52824,2
2056,60346,52826,-2
2100,60312,52809,43
2104,60244,52791,30
2032,60174,52767,41
2064,60120,52752,-8
2047,60108,52749,11
2016,60112,52753,-22
2024,60140,52759,-12
1888,60153,52762,4
2084,60174,52768,12
2060,60199,52773,5
2048,60228,52784,-4
2088,60248,52792,-35
2080,60267,52797,-24
2200,60279,52801,-55
2108,60282,52807,-63
2100,60289,52805,-6
2140,60291,52804,37
2136,60300,52811,35
2056,60315,52809,18
2064,60336,52816,-6
2036,60359,52825,-9
3424,60383,52839,-18
3360,60409,52840,-16
2080,60433,52854,-2
2000,60452,52857,33
2012,60469,52859,23
1936,60488,52865,18
2012,60505,52878,-28
2009,60523,52878,-12
2084,60531,52878,-10
2098,60533,52885,-16
2044,60488,52869,20
2080,60427,52847,23
2076,60365,52832,20
2016,60331,52817,-10
2056,60328,52815,-16
2050,60341,52820,-2
2066,60362,52828,-23
2072,60379,52831,-24
2036,60398,52839,19
2116,60419,52844,12
2118,60439,52849,10
2040,60448,52855,5
2080,60464,52857,-33
2073,60468,52866,-30
2116,60461,52864,-16
2114,60472,52872,-28
2052,60468,52868,31
2088,60489,52869,7
2096,60511,52877,10
2028,60515,52880,-51
3032,60542,52891,-20
2924,60543,52894,-21
2280,60569,52897,-5
2258,60589,52906,-20
1884,60604,52915,24
1960,60627,52921,18
1956,60638,52921,30
1908,60651,52926,-24
1976,60667,52930,-22
1960,60675,52935,-22
2032,60661,52928,23
2042,60598,52909,1
1986,60518,52885,26
2032,60451,52860,-6
2008,60412,52846,12
2008,60409,52849,-30
2036,60417,52849,-8
2025,60431,52859,-16
1888,60445,52859,22
2060,60453,52861,9
2008,60463,52868,36
2064,60481,52871,-23
2045,60491,52874,-5
2040,60500,52879,63
2180,60496,52876,-16
2089,60503,52880,-31
2112,60496,52872,1
2116,60502,52878,-15
2056,60507,52881,25
2096,60519,52885,-38
2090,60540,52888,-22
2096,60554,52892,-44
3020,60565,52897,-16
2908,60580,52902,-33
2020,60602,52908,38
2016,60614,52913,25
1932,60639,52920,39
1941,60645,52919,0
1964,60662,52925,7
1992,60672,52926,-35
1992,60677,52926,-2
1994,60662,52921,-20
2064,60598,52900,47
2068,60528,52874,46
1996,60460,52857,15
2032,60417,52839,-11
2026,60409,52838,-8
2064,60427,52844,-16
2016,60445,52851,11
2010,60454,52854,0
2090,60469,52856,33
2080,60473,52859,34
2028,60490,52859,-1
2080,60509,52869,-29
2082,60508,52866,-14
2088,60513,52865,-19
2056,60511,52868,0
2058,60516,52864,-10
2100,60515,52865,30
2104,60526,52871,25
2090,60542,52876,-14
2044,60568,52881,-20
2028,60582,52887,-11
3064,60605,52894,-9
2288,60619,52897,36
2272,60632,52898,20
2016,60634,52901,5
2010,60659,52902,8
1968,60674,52907,-17
1984,60696,52914,-42
2098,60703,52914,-33
2064,60715,52913,-7
2016,60713,52915,21
2025,60674,52904,15
2064,60608,52886,33
2064,60540,52860,32
2028,60504,52846,-13
2012,60499,52842,-29
2011,60517,52852,-27
2068,60539,52856,3
1900,60562,52865,31
2019,60577,52862,21
2080,60591,52872,16
2050,60600,52876,23
2076,60617,52879,-30
2042,60627,52880,-33
2028,60627,52879,-27
2216,60627,52877,18
2044,60619,52876,23
2052,60617,52877,19
2096,60623,52880,0
2088,60638,52878,17
2080,60647,52879,-20
2656,60664,52888,-32
2692,60677,52891,-36
2412,60689,52895,9
1944,60703,52902,30
1960,60706,52900,21
1960,60718,52904,-11
1928,60723,52907,0
1968,60738,52911,-51
1980,60752,52912,0
1968,60763,52918,-6
2080,60754,52913,31
2020,60701,52893,29
2026,60629,52872,26
2000,60573,52858,-16
2000,60548,52845,-2
2047,60559,52856,-33
2000,60574,52854,-17
1999,60590,52859,-20
2060,60609,52861,37
2042,60620,52868,45
2040,60640,52872,42
2052,60649,52881,0
2042,60666,52876,0
2068,60671,52882,-17
2040,60668,52876,5
2040,60677,52881,-2
2100,60678,52885,35
2080,60689,52883,6
2084,60696,52886,20
2040,60715,52892,-32
2029,60725,52895,-11
2032,60747,52900,-33
3556,60755,52901,7
3360,60777,52908,-8
2196,60777,52909,-11
1929,60798,52914,6
1947,60815,52913,31
1920,60829,52920,12
1904,60841,52926,-11
1974,60858,52931,-9
1948,60864,52931,-11
1960,60866,52934,-14
2016,60819,52912,-30
2002,60755,52899,5
2014,60694,52874,0
1986,60658,52869,24
2096,60652,52859,8
2057,60668,52870,0
2000,60687,52872,-38
2012,60700,52874,0
1904,60715,52874,-21
2046,60718,52876,46
2030,60730,52879,25
2029,60745,52889,38
2021,60750,52882,45
2088,60761,52889,-3
2164,60755,52888,-47
2085,60759,52885,-48
2108,60760,52890,-21
2108,60763,52890,18
2118,60777,52891,15
2066,60795,52902,21
2064,60810,52901,24
2045,60819,52902,-21
3720,60837,52908,-53
3752,60847,52912,-58
2160,60854,52907,-1
1976,60860,52915,34
1987,60874,52914,33
1908,60889,52930,21
1928,60902,52924,34
2008,60914,52934,-11
2000,60921,52929,-22
2004,60915,52930,-25
2047,60854,52909,26
2030,60792,52887,33
2040,60725,52865,29
1980,60691,52851,12
1980,60681,52846,28
2057,60698,52850,-22
2046,60718,52861,-15
2058,60735,52861,-23
2032,60750,52867,15
2096,60760,52871,25
2108,60771,52871,21
2046,60784,52881,3
2052,60791,52875,16
2096,60796,52880,-29
2112,60784,52875,-20
2132,60777,52872,-26
2080,60780,52868,10
2120,60782,52872,29
2122,60791,52874,23
2096,60802,52879,-20
2100,60812,52874,-13
2028,60818,52883,-38
3108,60827,52879,-15
3039,60836,52882,-28
2016,60836,52881,32
1996,60845,52885,19
1999,60852,52889,24
1956,60869,52888,-22
2064,60877,52892,-22
1980,60880,52892,-36
2056,60880,52891,-3
2072,60866,52885,-21
2024,60808,52861,23
2060,60730,52844,6
2098,60668,52821,22
1996,60644,52818,-15
2000,60642,52811,-6
2008,60659,52819,-24
1880,60670,52822,15
2047,60689,52827,-6
2012,60708,52830,50
2072,60720,52837,13
2068,60737,52845,44
2016,60755,52851,-15
2032,60759,52849,-3
2120,60765,52855,-32
2112,60752,52848,21
2120,60760,52849,3
2024,60764,52850,24
2092,60773,52856,-2
2092,60787,52862,16
2080,60796,52864,-50
2056,60817,52869,-40
2724,60836,52873,-45
2320,60845,52876,20
2308,60857,52882,1
1888,60866,52878,27
1922,60877,52886,-4
1940,60893,52892,3
1916,60910,52893,-42
1930,60918,52896,-38
1932,60930,52900,-18
2024,60916,52893,17
2038,60874,52877,6
2004,60808,52860,28
2020,60737,52831,-25
2008,60690,52819,-8
2002,60664,52810,-31
2014,60679,52816,-32
2005,60689,52819,1
2080,60708,52822,29
2074,60716,52824,38
2020,60731,52825,29
2040,60739,52830,-20
2046,60750,52837,-8
2052,60762,52835,-31
2056,60761,52835,-30
2026,60761,52838,14
2156,60761,52835,31
2146,60767,52836,20
2064,60767,52839,0
2084,60783,52844,-32
2072,60793,52851,-16
2076,60811,52853,-34
1992,60817,52859,-39
2200,60824,52853,5
2600,60843,52857,27
2528,60858,52861,22
1968,60872,52862,-26
1952,60885,52874,-31
2050,60893,52871,-22
1978,60911,52876,-23
1986,60924,52883,-28
1944,60927,52885,15
2056,60932,52882,31
2050,60899,52869,25
2018,60831,52852,-8
2050,60746,52823,-28
2014,60682,52800,-23
2076,60661,52795,158
2069,60654,52792,136
1868,60676,52795,20
2084,60694,52802,27
2060,60712,52804,31
2072,60720,52802,18
2088,60735,52812,-30
2080,60744,52816,-26
2202,60763,52825,17
2124,60772,52824,0
2056,60771,52824,33
2153,60767,52821,45
2134,60757,52819,59
2132,60765,52819,-10
2128,60778,52822,-34
2088,60793,52827,-40
2132,60807,52833,10
2127,60830,52833,-4
3088,60844,52846,18
2368,60852,52841,-7
2348,60871,52846,8
2000,60888,52856,-13
2000,60901,52849,-33
1996,60919,52863,-30
2064,60928,52861,0
2052,60944,52861,-12
2016,60957,52874,39
2080,60946,52865,-3
2088,60892,52844,19
2080,60820,52823,-16
2052,60744,52795,-22
2058,60711,52791,-30
2052,60705,52779,33
2056,60731,52791,17
2072,60744,52789,35
2068,60764,52799,-5
2056,60777,52808,-3
2092,60790,52808,-24
2052,60803,52812,11
2036,60820,52815,-3
2112,60829,52820,29
2110,60828,52820,16
2108,60824,52812,24
2084,60812,52811,-11
2076,60818,52812,-3
2108,60813,52814,-13
2046,60840,52816,12
1961,60853,52824,3
2672,60873,52825,31
2764,60878,52831,29
2352,60897,52839,-1
1976,60904,52839,-25
1964,60923,52846,-15
2024,60936,52857,-41
1948,60959,52855,23
1944,60970,52859,8
2052,60976,52869,24
2054,60985,52869,24
2064,60962,52862,-7
2044,60895,52835,-44
2090,60823,52808,-31
2058,60761,52797,-20
1976,60738,52785,-3
1984,60739,52777,-21
1840,60750,52787,35
2045,60769,52788,30
2036,60779,52797,-24
2024,60804,52797,-32
2022,60816,52805,-16
2072,60815,52799,-30
2084,60835,52804,19
2003,60834,52808,3
2100,60837,52809,26
2096,60826,52799,27
2052,60832,52806,-6
2040,60830,52807,-19
2036,60843,52810,-14
2100,60850,52811,24
1934,60864,52814,32
1962,60883,52821,24
3326,60908,52834,14
3216,60907,52827,10
1984,60926,52838,0
1882,60933,52838,-3
1918,60955,52844,-13
1958,60967,52852,21
1908,60984,52850,32
1917,60995,52856,33
1962,60992,52856,6
1952,60973,52848,13
2008,60904,52832,-8
1956,60832,52800,-30
1956,60773,52781,-25
2020,60746,52774,28
2004,60758,52771,22
2021,60777,52783,20
2064,60787,52780,2
2037,60797,52787,18
2072,60808,52783,-47
2016,60822,52795,-31
2014,60831,52796,-38
2080,60836,52797,18
2046,60847,52795,9
2066,60843,52797,4
2120,60838,52788,-21
2118,60833,52787,-8
2144,60840,52790,-56
2088,60846,52794,-15
2076,60864,52799,-26
2144,60877,52810,25
2248,60887,52802,8
2332,60898,52804,1
2600,60917,52812,-23
2536,60928,52814,-14
2008,60946,52822,-45
1954,60958,52830,-5
2066,60971,52827,-16
2032,60975,52831,17
2024,60989,52838,34
2028,60998,52836,28
2040,60994,52832,-15
2034,60959,52820,-5
2116,60889,52803,-36
2040,60812,52772,34
2068,60767,52756,23
2064,60748,52754,64
1882,60755,52749,34
2070,60769,52753,49
2056,60785,52752,-28
2029,60802,52766,-20
2088,60812,52768,-23
2056,60818,52773,34
2076,60838,52775,15
2176,60844,52777,58
2164,60852,52776,10
2176,60846,52777,24
2068,60852,52778,-20
2068,60852,52782,-8
2132,60855,52781,-43
2096,60866,52780,7
2073,60876,52785,-5
2036,60886,52792,20
3096,60906,52794,-3
3032,60921,52797,19
1988,60937,52800,-27
1979,60943,52802,-18
1960,60961,52809,-24
1972,60975,52820,17
1978,60987,52818,0
2008,60990,52821,29
2068,60996,52823,-17
2080,60990,52819,2
2024,60951,52803,-32
2037,60874,52782,-27
2052,60798,52755,-17
2010,60756,52740,28
2008,60743,52737,17
2012,60757,52744,17
2064,60763,52745,-39
2060,60776,52750,-29
2010,60789,52749,-36
2032,60800,52760,-31
2092,60810,52761,7
2064,60813,52757,51
2068,60820,52762,51
2064,60818,52757,27
2164,60811,52757,-4
2152,60815,52760,0
2056,60818,52762,-28
2070,60822,52765,-30
2080,60833,52763,3
2080,60844,52773,54
1851,60849,52768,45
2228,60860,52778,26
2556,60869,52776,-44
2484,60878,52777,-31
1898,60893,52785,-31
1913,60904,52783,-31
1960,60909,52780,19
1960,60920,52792,48
1980,60928,52794,45
1922,60939,52792,-9
2032,60944,52800,-35
2032,60928,52790,-20
1988,60855,52768,6
2116,60777,52738,1
1992,60703,52714,24
2016,60658,52701,43
2032,60652,52702,34
1804,60673,52698,4
2080,60680,52707,-36
2047,60697,52710,-21
2032,60711,52710,-37
2044,60723,52720,-47
2060,60734,52720,20
2192,60747,52725,30
2104,60757,52725,36
2020,60760,52732,-6
2156,60768,52732,-49
2152,60766,52730,-45
2088,60763,52729,-13
2092,60783,52732,-28
2148,60796,52736,6
2128,60819,52752,15
2132,60835,52750,22
2280,60855,52756,-14
2576,60869,52776,-52
2512,60877,52761,-53
1952,60888,52770,14
1980,60911,52764,-6
1956,60921,52770,22
2004,60932,52781,13
2006,60938,52780,29
1996,60935,52769,-9
2058,60940,52776,-35
2056,60916,52762,-35
2080,60846,52744,26
2074,60763,52709,9
2008,60684,52689,40
2044,60642,52672,14
2028,60630,52668,29
2064,60643,52670,-32
2068,60658,52678,-29
2052,60670,52679,-35
2106,60684,52685,29
2104,60692,52682,16
2064,60701,52680,42
2096,60717,52691,5
2078,60722,52694,21
2084,60724,52696,-45
2088,60717,52691,-12
2073,60710,52687,-20
2148,60716,52690,21
2157,60719,52688,16
2068,60738,52698,29
2066,60753,52699,-8
2047,60763,52694,7
3488,60784,52713,-27
2276,60798,52712,-5
2253,60816,52719,-18
2028,60822,52726,17
2138,60841,52725,10
1952,60859,52735,7
2044,60868,52733,-25
2037,60883,52743,-24
2042,60890,52743,-52
2066,60888,52744,0
2185,60841,52723,-13
2072,60753,52698,29
2073,60688,52673,24
2004,60630,52658,0
1832,60608,52649,-29
2043,60615,52655,-21
2028,60625,52650,-26
2050,60649,52659,11
2048,60664,52670,-5
2116,60677,52670,14
2120,60684,52673,7
2160,60708,52673,-13
2084,60708,52681,-12
2084,60717,52684,-8
2096,60712,52684,-14
2080,60713,52679,29
2080,60703,52679,5
2168,60720,52680,34
2141,60732,52692,31
2054,60754,52702,14
1996,60763,52702,-19
1985,60775,52703,-10
3848,60795,52714,-21
2026,60802,52712,10
2025,60811,52708,3
1970,60830,52719,24
1972,60844,52730,22
1920,60859,52728,-4
1946,60871,52734,-13
1940,60877,52734,0
1992,60882,52736,-18
1961,60873,52728,21
1977,60806,52710,16
2047,60718,52687,4
2034,60647,52662,8
1968,60592,52641,-5
2006,60586,52635,-35
1996,60591,52635,-31
2064,60619,52654,8
1996,60634,52655,18
1997,60642,52656,15
2080,60650,52661,-15
2078,60662,52661,-1
2040,60669,52667,-32
2028,60674,52665,-14
2012,60681,52669,-22
2098,60675,52669,31
2072,60662,52662,27
2081,60666,52667,22
2122,60674,52665,-21
1956,60686,52669,-9
2084,60706,52677,-26
2017,60712,52677,-11
2002,60722,52682,-22
3808,60748,52689,38
2128,60758,52695,49
2208,60774,52696,50
1988,60792,52702,-5
1981,60811,52709,19
1976,60831,52717,-44
1960,60839,52713,-7
1952,60843,52719,-12
2066,60856,52719,37
2192,60838,52717,36
2012,60791,52692,19
2046,60700,52667,-9
2045,60621,52637,1
1812,60577,52628,-26
2016,60565,52615,10
1984,60578,52623,-3
2072,60607,52635,34
2072,60616,52637,21
2060,60638,52641,17
2168,60661,52654,-28
2058,60684,52654,-15
2080,60697,52666,-39
2044,60708,52661,22
2054,60708,52661,9
2144,60709,52665,44
2145,60696,52661,34
2112,60695,52653,9
2100,60714,52670,-12
2106,60733,52673,-6
2096,60751,52676,-31
2192,60767,52688,27
2251,60784,52690,7
2604,60805,52695,39
2549,60820,52695,33
1968,60830,52702,-9
1972,60849,52702,-32
1964,60869,52705,-15
2016,60883,52718,-43
1976,60895,52711,20
1976,60915,52723,5
2072,60913,52725,39
2064,60873,52714,30
2040,60784,52681,-1
2032,60701,52653,-37
2024,60642,52634,-20
2052,60631,52634,-9
2002,60633,52630,26
1994,60662,52636,17
2072,60694,52655,30
2064,60706,52656,33
2040,60722,52655,-2
2040,60745,52668,-36
2032,60758,52674,-34
2090,60768,52669,-3
2072,60773,52673,27
2057,60768,52675,23
2076,60760,52672,17
2074,60762,52672,33
2068,60766,52673,-11
2060,60774,52675,-35
2064,60795,52678,-33
2196,60804,52687,-12
2666,60819,52686,50
2598,60830,52688,45
2000,60845,52706,13
2093,60865,52703,32
2000,60886,52716,32
1968,60895,52714,-13
1956,60912,52719,-30
2047,60916,52721,-13
2032,60926,52728,-23
2156,60907,52719,32
2064,60846,52693,8
2046,60762,52675,-6
2040,60689,52642,37
1760,60659,52635,13
1985,60664,52635,9
2064,60679,52641,-47
2026,60699,52647,-18
2046,60723,52653,-17
2036,60748,52665,38
2038,60761,52674,24
2173,60777,52670,37
2004,60794,52679,-17
2010,60802,52680,1
2072,60801,52688,-40
2104,60791,52679,-8
2121,60786,52677,-23
2074,60797,52684,46
2041,60798,52677,37
2096,60811,52684,47
2022,60822,52690,-3
2032,60845,52698,1
2696,60853,52706,-56
2304,60864,52701,5
2304,60875,52705,-13
1928,60893,52722,18
1906,60914,52723,12
1982,60931,52727,20
1898,60953,52734,-33
1900,60973,52744,-22
1984,60974,52740,-46
2009,60975,52743,-5
2031,60922,52723,-19
1976,60832,52691,29
1976,60747,52669,20
2010,60690,52648,4
1972,60672,52637,-26
1974,60676,52640,-19
2020,60700,52648,-28
2052,60712,52654,0
2060,60733,52654,-20
1993,60753,52664,42
2000,60763,52670,37
2072,60778,52672,10
2016,60798,52677,-8
2026,60806,52676,7
2074,60812,52684,-20
2102,60808,52683,22
2114,60810,52683,12
2056,60808,52678,21
1900,60827,52687,18
2120,60841,52692,0
2008,60856,52693,-41
2010,60871,52695,-30
3488,60872,52693,-7
2230,60893,52706,18
2326,60911,52707,4
1920,60926,52714,-3
1932,60938,52719,0
1984,60951,52721,-6
1968,60963,52726,-33
1994,60976,52731,-29
1996,60984,52727,1
2082,60967,52728,4
2092,60898,52699,1
1996,60799,52660,22
2000,60734,52640,31
1808,60681,52622,5
2012,60680,52620,-22
1992,60707,52629,-25
2012,60727,52647,-14
2066,60749,52646,21
2060,60759,52645,16
2096,60781,52653,10
2008,60790,52655,38
2032,60806,52659,-13
2044,60811,52666,-45
2068,60807,52664,-44
2072,60787,52654,13
2128,60783,52652,46
2096,60776,52646,38
2040,60782,52651,7
2056,60792,52652,30
2088,60796,52661,-21
2146,60799,52655,2
2196,60820,52659,-5
2660,60834,52674,6
2028,60845,52664,39
2016,60863,52675,28
1968,60877,52679,2
1965,60895,52683,10
1964,60907,52698,-54
2020,60919,52692,-17
2035,60920,52696,-30
2012,60918,52691,20
2080,60871,52678,28
2068,60791,52647,25
2004,60719,52629,-20
2018,60668,52611,-14
2012,60656,52601,-33
2024,60672,52611,3
2040,60688,52621,0
1988,60701,52613,-9
2041,60722,52625,22
2032,60740,52632,27
2047,60744,52635,-11
2062,60766,52638,0
2012,60774,52644,-33
2092,60774,52644,6
2086,60773,52641,-18
2034,60765,52646,27
2096,60752,52637,8
1888,60767,52636,29
2094,60772,52641,-26
2092,60788,52648,-15
1964,60798,52645,-31
3712,60810,52656,0
3784,60817,52657,-11
2148,60830,52659,22
1988,60842,52662,11
1976,60859,52672,26
1970,60868,52666,-22
1976,60884,52676,-5
1944,60890,52676,0
2012,60902,52684,23
2000,60898,52678,7
1984,60848,52667,46
2036,60767,52633,-13
2032,60684,52607,4
1770,60620,52586,-23
2050,60603,52576,-12
1992,60603,52582,0
2068,60636,52590,30
2074,60652,52591,23
2040,60674,52601,43
2176,60689,52614,-22
2068,60702,52614,-8
2097,60714,52609,-9
2112,60731,52622,-7
2044,60727,52619,-6
2144,60733,52620,11
2144,60725,52616,-2
2088,60724,52615,29
2064,60712,52613,-19
2072,60722,52613,-6
2128,60734,52620,-43
2138,60754,52626,-31
2016,60763,52623,-13
3168,60785,52635,23
3084,60798,52639,14
2040,60816,52647,12
1972,60821,52648,-32
1954,60833,52653,-20
2010,60840,52650,-47
2011,60857,52656,-47
1980,60861,52664,5
2036,60863,52660,14
2026,60842,52656,9
2068,60784,52627,-28
2032,60695,52607,-14
2026,60618,52576,-2
2100,60568,52554,1
2091,60563,52561,-21
2002,60584,52561,21
2072,60603,52574,23
2076,60623,52582,23
2065,60634,52574,-36
2072,60642,52588,-32
2062,60661,52588,-16
2080,60675,52595,-10
2088,60686,52600,-8
2060,60685,52596,32
2096,60683,52598,37
2092,60677,52591,35
2136,60671,52596,-7
2072,60689,52594,-24
2066,60701,52603,-25
2008,60709,52602,8
2009,60719,52604,-18
3556,60726,52612,11
2208,60737,52613,-8
2274,60749,52611,0
2004,60765,52623,-23
1960,60770,52623,-21
1960,60792,52628,-25
2016,60795,52634,18
2017,60809,52632,-3
2032,60816,52635,38
2064,60794,52632,8
2056,60733,52614,17
2072,60637,52575,-20
1824,60563,52554,-6
1992,60522,52541,-10
2064,60514,52537,27
2020,60526,52535,0
2036,60544,52542,43
2044,60548,52550,1
2036,60571,52555,15
2172,60575,52555,-30
2018,60592,52565,-18
2028,60606,52561,-23
2096,60612,52571,31
2091,60608,52563,12
2124,60601,52562,49
2106,60598,52564,4
2072,60601,52565,14
2130,60602,52567,-29
2056,60612,52570,-14
2064,60622,52577,-24
1970,60636,52573,17
1962,60655,52585,16
3824,60663,52589,19
2028,60673,52588,-11
2006,60690,52592,-2
1944,60706,52603,-42
1916,60718,52603,-27
1930,60734,52607,-37
1912,60746,52613,22
1928,60768,52621,17
1984,60772,52617,29
1962,60733,52612,-4
1948,60646,52586,3
2004,60546,52544,-57
1968,60465,52524,4
1964,60434,52504,-8
2010,60431,52511,29
2006,60443,52508,30
2052,60466,52524,-8
2004,60473,52528,1
1997,60480,52530,14
2072,60487,52528,-31
2012,60508,52536,13
2020,60519,52536,0
2028,60524,52542,17
2014,60538,52544,16
2090,60533,52543,26
2040,60534,52544,-23
1862,60540,52541,-5
2128,60548,52546,-9
2080,60561,52553,48
2081,60573,52558,32
2000,60602,52565,39
1988,60617,52566,32
3468,60636,52579,-5
2201,60645,52576,-38
2194,60669,52581,-22
1994,60685,52591,-15
1994,60696,52593,20
2000,60713,52601,12
1968,60719,52596,0
1996,60731,52607,5
2046,60737,52605,-16
2024,60717,52599,-43
2034,60653,52572,-42
1832,60557,52549,-13
2058,60470,52516,9
2036,60407,52495,0
2041,60388,52481,30
2024,60401,52489,37
2116,60417,52494,-9
2120,60428,52499,-21
2046,60439,52505,-19
2072,60445,52500,23
2080,60468,52514,9
2088,60485,52515,0
2042,60488,52519,20
2052,60494,52523,34
2138,60483,52512,-2
2124,60482,52514,-23
2130,60483,52510,-19
2112,60495,52517,0
2136,60498,52519,37
2144,60517,52527,29
2036,60537,52527,-9
2064,60554,52540,19
2276,60573,52536,-21
2572,60585,52544,-27
2524,60599,52547,-30
1992,60607,52551,28
2012,60616,52556,23
2028,60637,52563,16
1944,60638,52560,-12
1945,60656,52565,-1
2032,60661,52565,-52
2060,60670,52571,-25
2084,60646,52563,-32
2040,60569,52537,24
2044,60475,52502,24
2047,60382,52470,26
1992,60352,52465,10
1999,60338,52455,16
2047,60360,52468,-48
2056,60383,52476,2
2064,60406,52480,-9
2040,60419,52486,26
2096,60445,52496,7
2098,60466,52497,23
2024,60493,52515,-18
2037,60494,52514,-12
2104,60487,52510,-19
2112,60486,52503,12
2118,60484,52502,-10
2047,60491,52513,49
2116,60500,52516,25
2108,60526,52526,40
1972,60532,52525,-24
2093,60550,52532,-13
3588,60560,52532,-31
2164,60565,52537,17
2140,60583,52542,-4
1932,60590,52547,35
2012,60609,52554,-18
2044,60626,52555,-2
1976,60640,52567,-14
1988,60646,52564,0
2016,60658,52570,-36
2016,60638,52560,21
2060,60576,52541,4
2004,60481,52509,21
2032,60419,52491,15
2036,60370,52476,34
2024,60369,52477,-65
2032,60377,52475,-56
2144,60401,52486,7
2096,60426,52494,5
2100,60450,52502,-6
2012,60462,52504,35
2088,60490,52511,-10
2088,60504,52519,13
2052,60515,52530,-20
2024,60521,52526,-15
2080,60520,52535,-15
2100,60519,52527,30
2096,60529,52535,22
2056,60537,52539,20
2034,60551,52534,-12
2068,60569,52543,-3
1936,60594,52555,-35
1952,60603,52563,-42
3808,60626,52558,16
2104,60644,52569,27
2089,60655,52570,25
1920,60665,52584,0
1928,60676,52577,3
1916,60692,52584,16
1962,60712,52596,-11
1977,60718,52601,-20
1960,60727,52597,10
2044,60698,52589,24
2038,60629,52569,18
1976,60535,52545,1
2008,60454,52513,-24
2004,60422,52495,-20
2032,60432,52505,-25
2046,60439,52511,-25
2000,60461,52515,19
2064,60478,52518,4
2064,60495,52518,11
2026,60515,52539,-8
2045,60521,52536,-25
2036,60543,52539,-1
2096,60549,52550,-38
1882,60559,52548,-48
2072,60559,52547,11
2120,60561,52545,26
2106,60561,52553,24
2084,60574,52558,-9
2088,60587,52561,-20
2176,60610,52570,-14
2096,60624,52569,-10
2132,60643,52581,-32
3000,60658,52581,16
2010,60677,52579,-2
2010,60693,52589,7
1956,60701,52595,2
1956,60716,52590,-22
1952,60727,52601,-16
1986,60742,52609,17
1982,60746,52607,6
1876,60753,52602,33
2036,60709,52598,0
2010,60630,52570,17
2032,60541,52537,-10
2020,60473,52522,-39
2012,60461,52516,-48
2136,60472,52510,23
2040,60502,52524,6
2036,60514,52534,33
2064,60532,52532,-13
2046,60549,52538,-5
2064,60569,52549,-41
2100,60572,52547,-38
2052,60583,52548,-47
2096,60594,52550,15
2089,60591,52555,0
2092,60586,52549,36
2116,60580,52550,9
2110,60586,52553,29
2084,60597,52558,-37
2047,60603,52557,-17
2045,60622,52566,-31
2632,60635,52565,5
2716,60662,52574,-9
2320,60681,52586,15
1950,60692,52585,-17
1942,60713,52595,-7
1972,60714,52588,-40
1952,60734,52592,-22
1946,60740,52594,-34
2012,60752,52599,27
2008,60757,52605,14
2020,60736,52593,50
2024,60666,52575,13
2010,60572,52542,19
2024,60502,52516,-40
1957,60458,52503,19
1964,60450,52497,-6
2012,60467,52511,16
2016,60485,52512,13
2000,60510,52523,31
2013,60525,52529,-15
2006,60551,52538,-5
2072,60562,52545,-3
1994,60573,52543,-3
1709,60581,52551,-19
2092,60572,52539,27
2076,60573,52545,28
2088,60561,52537,11
2038,60569,52545,-38
2026,60580,52544,-17
2064,60587,52555,-24
2244,60601,52553,26
2314,60611,52558,20
2476,60631,52572,18
2418,60639,52568,13
1970,60668,52573,-3
1912,60677,52583,-35
2025,60699,52582,-24
1984,60705,52592,-39
1968,60727,52596,10
1972,60745,52608,-8
1874,60737,52603,27
2016,60703,52588,20
2040,60620,52569,-33
1964,60529,52531,-22
1966,60456,52505,-20
2028,60431,52501,1
2102,60426,52501,9
2032,60451,52510,5
2040,60452,52507,48
2026,60471,52508,48
2060,60490,52520,-24
2024,60502,52519,-5
2022,60520,52526,-4
2092,60531,52530,12
2068,60537,52540,30
2084,60544,52536,27
2064,60528,52536,9
2056,60531,52533,23
2104,60530,52536,-23
2016,60543,52536,-22
2042,60560,52540,-24
2016,60579,52545,15
3752,60595,52556,35
3810,60617,52563,32
2120,60627,52562,6
2098,60650,52572,35
1976,60662,52582,-21
1925,60680,52581,-24
1936,60694,52585,-36
1976,60707,52594,15
1988,60734,52600,16
2012,60727,52599,13
2008,60685,52585,-15
1996,60603,52559,-1
2073,60504,52520,-23
1992,60422,52494,-17
2000,60383,52477,-32
2024,60383,52482,-6
2080,60395,52480,14
2092,60408,52485,16
2024,60420,52490,-4
2025,60441,52500,9
2080,60448,52504,-24
2064,60461,52504,-30
2065,60471,52512,-44
2066,60493,52510,0
2168,60488,52516,42
2169,60479,52513,45
2080,60479,52503,0
2064,60480,52513,5
2152,60492,52509,14
2096,60507,52520,13
2204,60524,52522,-3
2016,60549,52532,-19
3256,60564,52542,31
3180,60581,52540,41
2012,60591,52551,28
2010,60605,52551,17
2018,60625,52557,25
1970,60636,52562,9
1977,60654,52565,-8
1978,60664,52572,-63
1904,60665,52565,-2
2076,60673,52570,7
2024,60618,52554,45
2010,60520,52515,33
2064,60430,52491,11
2044,60365,52460,-17
2045,60347,52455,0
2112,60369,52459,-40
2046,60383,52470,19
2058,60397,52476,-9
2040,60427,52479,31
2040,60440,52494,36
2046,60457,52489,-35
2069,60487,52502,-31
2050,60492,52502,-27
2032,60496,52502,-11
2108,60499,52510,24
2114,60489,52504,16
2049,60483,52509,10
2056,60492,52504,-1
2068,60502,52517,6
2040,60510,52511,-41
2025,60525,52512,-24
3248,60543,52522,0
2280,60544,52527,17
2256,60559,52533,19
1940,60565,52532,46
1960,60578,52538,58
1976,60587,52537,-15
2012,60610,52543,-21
2016,60621,52549,-31
1980,60627,52556,8
2068,60623,52548,18
2052,60569,52533,18
2016,60489,52502,-21
2037,60385,52475,-1
2008,60299,52438,-20
2032,60284,52432,-21
2034,60277,52430,-29
2004,60295,52435,26
2080,60324,52451,22
2077,60342,52453,17
2044,60358,52464,0
2058,60372,52468,22
2018,60399,52474,-42
2088,60415,52482,-24
1983,60425,52490,-27
2012,60430,52493,29
2108,60421,52485,17
2093,60425,52483,16
2080,60438,52485,3
2089,60454,52500,12
2032,60472,52502,-45
2066,60493,52514,-40
2060,60510,52523,-52
3088,60521,52523,40
2268,60551,52530,21
2242,60569,52540,20
1962,60583,52547,11
1944,60602,52543,25
1932,60619,52555,-58
1992,60627,52556,-39
1992,60641,52561,-49
1749,60649,52554,22
2008,60646,52564,19
1968,60595,52544,29
2034,60505,52511,3
2040,60409,52487,9
1976,60340,52454,-23
2138,60308,52448,-15
2036,60312,52450,-30
2012,60323,52443,21
2040,60343,52457,28
2040,60355,52466,45
2064,60364,52467,-24
2092,60390,52475,-12
2042,60396,52473,-37
2104,60413,52481,25
2100,60429,52483,2
2052,60427,52485,28
2120,60429,52484,22
2104,60423,52484,40
2116,60429,52481,-11
2136,60453,52494,0
2064,60469,52493,-18
2128,60490,52506,18
2120,60508,52505,0
2184,60519,52518,35
2676,60535,52514,-3
2604,60548,52514,18
2038,60568,52528,-31
2041,60576,52534,-23
1938,60590,52527,-30
1989,60605,52537,25
1994,60614,52543,12
2040,60628,52540,65
2004,60647,52553,-10
1994,60630,52545,1
2068,60564,52530,-41
2072,60470,52489,-36
1992,60392,52464,-12
2024,60341,52447,7
2005,60339,52450,-6
2018,60360,52450,14
2045,60379,52464,-27
2032,60407,52469,-15
2080,60420,52477,-49
2084,60444,52481,-51
2032,60450,52484,-13
2072,60475,52494,11
2044,60490,52495,6
2076,60492,52500,12
2074,60485,52491,-4
2060,60483,52488,7
2120,60479,52493,-18
2196,60498,52500,-26
2068,60506,52503,8
2024,60513,52501,24
2005,60529,52505,22
2868,60550,52518,1
2280,60555,52511,-23
2396,60570,52514,-8
2004,60594,52531,-27
1996,60602,52538,-37
1972,60612,52536,26
1918,60619,52530,20
1992,60631,52540,25
2044,60652,52541,9
2028,60647,52550,-8
2028,60609,52536,5
2080,60523,52503,-9
2074,60431,52478,-13
2104,60343,52446,-4
2020,60314,52428,26
2012,60319,52433,29
2036,60346,52447,-30
2012,60376,52457,-30
2012,60395,52465,-211
2072,60413,52470,-40
2049,60424,52479,-47
2047,60434,52478,7
2064,60446,52477,-1
2056,60445,52482,20
2084,60449,52478,-12
1996,60458,52485,-42
2024,60457,52481,-39
2112,60467,52495,-6
2088,60471,52491,-14
2080,60492,52492,29
2056,60500,52502,32
2062,60521,52512,43
2088,60542,52517,-16
2936,60563,52517,-13
3052,60582,52528,-24
2272,60611,52537,40
2258,60619,52545,21
1960,60631,52545,17
1924,60649,52555,18
1913,60664,52551,41
1986,60679,52566,-27
1960,60690,52562,-16
1970,60700,52570,-16
1996,60680,52559,13
1963,60610,52539,7
2036,60511,52500,28
1996,60414,52471,15
1994,60359,52453,33
2036,60345,52440,-37
2034,60353,52448,-16
2056,60365,52453,-32
2080,60383,52451,5
1852,60386,52459,-13
2080,60397,52455,19
2036,60407,52465,-12
2044,60416,52467,0
2129,60420,52462,-21
2088,60428,52466,-20
2201,60424,52461,-33
2144,60420,52458,14
2138,60421,52459,11
2168,60429,52465,45
2080,60438,52469,5
2066,60462,52471,21
2152,60464,52479,-27
2072,60480,52476,9
2109,60497,52478,-10
3000,60517,52491,36
2896,60523,52495,39
1852,60532,52491,22
1944,60547,52503,-25
1919,60556,52505,-18
2012,60568,52499,-38
2032,60572,52508,-2
2046,60579,52510,-17
2128,60581,52499,15
2030,60566,52500,20
2128,60496,52479,-12
2034,60403,52443,-17
2032,60308,52408,-5
2044,60241,52386,-7
2120,60229,52382,-22
2090,60230,52378,-37
2018,60255,52395,19
2022,60270,52394,11
2112,60291,52407,12
2040,60314,52411,-7
2058,60334,52417,-5
2056,60356,52425,-10
2088,60376,52430,20
2088,60378,52427,1
2072,60372,52431,22
2077,60368,52424,26
2112,60372,52426,-2
2068,60385,52429,-23
2092,60404,52436,-15
2040,60416,52446,-25
3204,60432,52449,26
3292,60445,52448,25
2288,60466,52458,41
2271,60471,52466,51
1988,60486,52465,-29
1960,60503,52471,-36
1970,60515,52468,-37
1974,60527,52482,-6
2032,60539,52487,14
2014,60546,52482,7
2016,60535,52477,7
2017,60487,52470,14
2058,60394,52437,-3
2024,60303,52405,-28
2037,60224,52380,-31
1992,60179,52364,-6
2060,60183,52367,22
1874,60200,52372,22
2020,60213,52375,2
2026,60235,52385,17
2066,60252,52397,-19
2074,60261,52396,-23
2079,60284,52401,-31
2026,60294,52407,14
2080,60295,52414,27
2080,60294,52402,19
2028,60290,52406,25
2041,60296,52409,29
2088,60305,52419,-23
2084,60311,52420,-42
2136,60330,52428,-55
2016,60348,52436,7
3272,60376,52434,31
3380,60397,52445,31
2076,60418,52454,-19
2206,60436,52462,-2
1940,60470,52472,-34
1992,60499,52486,-27
2004,60519,52494,-32
1916,60539,52497,7
2092,60557,52504,16
2004,60571,52512,22
2010,60562,52499,-13
2022,60506,52492,-10
2008,60408,52460,-33
2032,60301,52420,3
2032,60246,52398,-19
2008,60232,52397,18
2092,60242,52402,18
2096,60273,52415,36
2064,60287,52415,-13
2064,60322,52427,-7
2032,60339,52440,-26
2047,60355,52439,6
2089,60375,52451,-11
2040,60386,52449,34
2080,60414,52460,3
2076,60409,52462,29
2096,60403,52460,-18
2106,60398,52449,-3
2096,60408,52453,-34
2124,60409,52459,-4
2122,60424,52456,-22
2040,60429,52468,13
2980,60434,52461,0
3082,60453,52470,12
2302,60466,52463,-19
2288,60489,52475,-12
1948,60506,52486,-26
1996,60526,52496,2
1992,60539,52502,-10
1936,60537,52499,27
2028,60556,52499,-30
2016,60564,52501,-14
2034,60569,52503,-16
2038,60510,52484,-15
2018,60414,52458,4
2064,60297,52416,42
2047,60215,52384,33
2028,60167,52373,40
2040,60176,52377,6
2040,60195,52380,14
2064,60223,52397,-26
2070,60243,52400,-23
2032,60268,52405,11
2104,60287,52416,27
2206,60314,52421,26
2064,60326,52434,31
2108,60333,52430,-21
2104,60333,52432,-5
2104,60337,52430,-36
2114,60329,52434,-39
2065,60334,52437,-11
2116,60344,52432,21
2108,60362,52439,22
1988,60392,52455,-19
3256,60408,52461,-29
3528,60433,52467,-22
2224,60449,52473,-34
2184,60466,52477,-37
1948,60476,52486,-3
1992,60492,52489,17
1984,60502,52492,13
2064,60517,52491,-6
2005,60524,52499,-31
2008,60530,52497,-24
2072,60512,52496,-33
2080,60425,52465,-42
2024,60311,52420,26
2056,60192,52387,36
2028,60123,52363,28
2032,60103,52353,-16
2032,60115,52364,-20
2024,60140,52375,-16
2068,60169,52378,-13
2068,60201,52401,-30
2024,60229,52408,17
2072,60248,52418,22
2052,60279,52422,21
2072,60299,52433,-7
2084,60304,52429,-31
2088,60300,52427,-33
2104,60305,52437,-11
2107,60306,52434,-28
2056,60322,52441,24
2068,60344,52449,34
2058,60364,52454,49
1960,60398,52470,4
3600,60414,52473,-43
3492,60444,52486,-41
2047,60475,52492,6
2029,60495,52499,-18
1944,60519,52513,43
1953,60539,52514,14
1948,60558,52522,27
1968,60595,52536,-28
1936,60610,52546,-38
1945,60607,52543,-45
2024,60554,52527,29
2020,60460,52497,5
1984,60332,52452,27
1992,60236,52415,19
1738,60189,52404,37
2045,60187,52406,-32
2008,60209,52405,-7
2005,60229,52417,-16
2080,60250,52427,21
2068,60271,52427,12
2032,60287,52444,38
2052,60307,52442,-13
2050,60322,52454,-2
2104,60338,52452,-42
2090,60347,52464,-13
2094,60345,52459,-23
2116,60355,52463,9
2099,60352,52465,3
2116,60366,52469,39
2098,60378,52470,-7
2084,60400,52478,0
2096,60419,52484,-22
2524,60461,52497,-12
2448,60483,52507,-31
1988,60502,52514,14
1980,60531,52523,12
2000,60551,52527,21
2072,60572,52537,-28
1973,60592,52545,-27
2016,60613,52551,-38
2000,60625,52550,7
2004,60610,52546,-13
2052,60531,52527,6
2038,60412,52477,8
2072,60293,52440,37
2002,60208,52407,-21
2017,60170,52397,-7
2072,60180,52396,-38
2060,60195,52411,9
2062,60213,52412,3
2034,60240,52416,32
2045,60255,52423,35
2088,60260,52428,15
2036,60285,52431,-39
2041,60296,52435,-28
2112,60309,52446,-35
2096,60304,52435,21
2104,60293,52435,4
2072,60297,52440,48
2064,60295,52434,43
2128,60307,52442,2
1964,60332,52448,-50
1964,60356,52460,-36
3520,60373,52467,-23
2176,60398,52469,36
2198,60421,52482,35
1972,60438,52481,47
1973,60471,52499,52
2012,60482,52502,-14
1968,60502,52507,-5
1978,60519,52512,-12
2028,60544,52516,-15
2044,60545,52519,35
2064,60483,52493,28
2040,60382,52464,29
2037,60251,52418,42
2056,60166,52388,-19
2000,60124,52383,-40
2004,60119,52377,-46
2048,60134,52377,6
2080,60167,52394,5
2089,60196,52401,5
2068,60223,52409,3
2172,60244,52422,21
2088,60261,52428,-22
2066,60267,52429,-41
2076,60272,52429,-52
2096,60272,52435,13
2124,60259,52427,25
2268,60267,52432,24
2084,60266,52435,8
2093,60281,52434,23
2024,60296,52440,-27
3568,60320,52451,-26
3828,60340,52464,-45
2148,60362,52463,10
1996,60385,52477,38
1993,60408,52475,33
1928,60432,52490,12
1932,60454,52501,28
2080,60479,52508,-28
1956,60494,52516,-16
1974,60497,52516,-23
1988,60470,52501,26
2021,60373,52473,51
2016,60261,52438,51
1994,60169,52406,3
1978,60106,52381,15
2024,60106,52377,-11
2016,60121,52390,11
2032,60157,52401,0
2004,60174,52408,25
2012,60167,52394,28
2040,60222,52419,42
2024,60249,52434,-1
2028,60266,52436,7
2036,60287,52442,-33
2088,60290,52451,-1
2096,60286,52447,-15
2024,60285,52447,7
2072,60293,52451,14
2076,60300,52454,32
2016,60320,52457,-35
2024,60342,52469,-19
2554,60359,52469,-29
2360,60375,52484,15
2332,60395,52484,6
1918,60412,52494,16
1968,60436,52490,3
1970,60457,52504,14
1904,60470,52507,-40
1906,60495,52520,-22
1968,60509,52518,-48
2016,60511,52525,-21
2028,60464,52499,-26
1954,60376,52476,19
2012,60238,52426,-16
2000,60141,52388,-11
1940,60100,52380,-31
1816,60088,52380,-31
2000,60106,52376,-28
2017,60132,52391,10
2017,60143,52391,-3
1972,60180,52406,-8
2047,60190,52412,-18
2141,60210,52413,-12
2004,60235,52428,17
2010,60240,52432,-31
2056,60242,52432,-30
2080,60241,52425,-6
2072,60227,52417,25
2040,60230,52419,-1
2090,60240,52423,7
2082,60253,52433,-6
1960,60272,52432,5
1964,60290,52443,21
3112,60305,52447,-6
2232,60334,52453,-36
2200,60351,52457,-29
1924,60373,52466,13
1938,60388,52475,24
1940,60402,52473,20
2060,60404,52472,11
1976,60425,52481,33
1988,60442,52490,-7
2058,60431,52483,-14
2062,60366,52457,-18
1988,60252,52426,31
2072,60120,52375,39
2028,60034,52345,40
2024,60005,52348,1
2047,60018,52343,13
1994,60037,52357,-20
2060,60055,52359,-13
2068,60075,52362,-20
2000,60108,52382,31
2052,60121,52382,54
2040,60146,52388,53
2080,60156,52394,0
2084,60177,52397,7
2081,60180,52401,-30
2112,60172,52405,-9
2120,60182,52409,-11
2072,60189,52408,31
2090,60204,52419,26
2076,60226,52422,32
2080,60241,52432,-23
2122,60270,52433,-14
3088,60301,52446,-19
2058,60319,52455,-22
2040,60336,52454,-39
1952,60351,52466,22
1972,60367,52467,14
1961,60381,52470,45
2012,60408,52480,-25
2017,60425,52483,-16
1984,60441,52492,-30
2047,60382,52473,-1
2040,60279,52439,-17
2024,60155,52392,26
1984,60054,52358,0
1852,59999,52343,18
2068,59994,52348,-34
2058,60022,52353,-27
2024,60050,52366,-38
2060,60067,52368,22
2045,60096,52379,-3
2060,60117,52395,32
2178,60130,52392,30
2056,60149,52398,-4
2102,60157,52401,-14
2100,60160,52400,-4
2064,60149,52392,-30
2132,60146,52396,12
2252,60151,52397,3
2112,60160,52403,37
2120,60169,52412,30
2080,60186,52417,6
1808,60211,52421,-30
2064,60229,52426,-31
3432,60258,52427,-7
2264,60275,52445,46
2244,60295,52444,40
2000,60323,52461,28
2008,60340,52463,42
2056,60350,52471,-15
2004,60365,52470,-43
2004,60389,52478,-42
2018,60394,52476,-5
2024,60384,52475,17
2028,60312,52449,9
2072,60199,52419,6
2046,60074,52370,29
1994,59982,52341,-13
2070,59954,52335,-12
2064,59958,52331,-26
2068,59984,52345,-18
2058,59999,52351,14
2073,60024,52358,13
2104,60042,52364,6
2121,60066,52380,26
2072,60084,52381,-48
2138,60098,52385,-35
2124,60111,52381,-39
2084,60119,52395,-9
2137,60109,52386,18
2120,60113,52389,24
2128,60118,52393,0
2128,60124,52390,13
2056,60144,52392,-21
2124,60160,52403,-29
2116,60185,52405,-7
2540,60208,52412,19
2388,60233,52425,25
2334,60250,52426,19
2012,60273,52433,-19
2007,60288,52442,-14
1980,60307,52449,-32
1992,60317,52451,-4
1988,60336,52453,-21
2008,60355,52463,36
2016,60356,52461,28
2010,60329,52450,45
2057,60230,52416,-10
1902,60120,52380,3
2000,60007,52341,-18
1992,59940,52326,-7
2010,59925,52322,-20
2052,59936,52318,24
2024,59963,52334,28
2126,59990,52339,38
2082,60016,52351,-16
2070,60046,52356,-9
2000,60067,52373,-38
1992,60088,52375,-182
1980,60104,52386,-14
2026,60104,52375,39
2012,60108,52376,-17
2016,60099,52374,-3
2048,60107,52384,-36
2040,60110,52385,-17
1872,60125,52384,-51
2010,60149,52398,4
1966,60164,52403,-7
3248,60197,52408,32
2256,60216,52423,0
2240,60231,52423,6
2048,60263,52431,-22
1980,60278,52446,-15
1968,60296,52442,-30
1980,60316,52453,18
1976,60332,52454,2
2028,60351,52466,40
2072,60346,52464,28
2024,60300,52446,219
2064,60194,52418,-38
2058,60072,52376,-22
2010,59974,52347,-5
2000,59917,52331,46
1998,59911,52324,27
2052,59921,52328,51
2016,59947,52343,5
2008,59974,52350,5
2047,60003,52359,-28
2030,60019,52370,-28
2058,60037,52373,5
2046,60061,52376,26
2047,60065,52377,27
2096,60066,52385,23
2072,60058,52371,-28
2084,60059,52382,-19
2072,60074,52378,-44
2066,60092,52392,-49
2096,60112,52396,13
2020,60124,52401,26
2046,60152,52406,16
1996,60175,52423,-15
3824,60201,52429,-35
3768,60229,52445,-35
2112,60241,52438,-44
2080,60268,52450,-51
1980,60282,52457,18
1928,60301,52458,27
1921,60314,52466,19
2004,60347,52475,-11
1972,60366,52484,-31
1761,60365,52476,-22
2005,60302,52465,-36
2000,60180,52421,-52
2040,60051,52373,13
1988,59943,52347,41
1981,59897,52324,36
2084,59891,52328,-21
2044,59917,52343,-45
2050,59948,52352,-40
2032,59968,52359,-22
2024,59991,52360,-38
2096,60021,52370,25
2044,60039,52377,51
2086,60070,52393,54
2112,60084,52395,-19
2072,60093,52395,-26
2072,60091,52389,-28
1984,60100,52393,-11
2084,60104,52404,-28
2132,60118,52406,28
2064,60141,52413,11
2072,60162,52422,27
2120,60181,52421,-10
2280,60216,52432,-41
2280,60237,52438,-46
2608,60262,52450,0
2524,60266,52447,-9
2024,60290,52455,29
1922,60310,52464,0
1936,60326,52470,17
1988,60338,52467,-19
2028,60362,52480,-15
2056,60380,52481,-24
2024,60373,52485,6
2016,60334,52468,-2
2074,60222,52431,27
1986,60089,52387,-5
2018,59967,52343,7
2037,59908,52328,-48
2052,59895,52319,-35
2060,59913,52328,-41
2008,59935,52337,30
2004,59959,52344,20
2100,59999,52356,1
2064,60022,52371,-13
2072,60043,52373,-2
2068,60074,52381,-24
2072,60086,52385,1
2082,60074,52377,-10
2084,60070,52380,19
2086,60051,52380,22
2112,60045,52373,36
2064,60056,52375,-6
2072,60067,52374,2
2082,60088,52381,-47
2324,60113,52388,2
2390,60131,52394,-19
2464,60162,52403,24
2416,60189,52422,27
2000,60213,52434,12
1968,60241,52443,-5
1970,60266,52453,6
1952,60279,52450,-18
2064,60310,52460,-24
2061,60328,52466,-33
2008,60335,52478,20
2022,60281,52459,15
2068,60191,52429,11
2024,60064,52387,-9
2141,59966,52355,-1
2001,59905,52337,-24
2064,59913,52337,19
2070,59934,52347,-5
2020,59976,52362,68
2018,60011,52373,67
2036,60056,52391,5
2044,60090,52403,-22
2056,60134,52411,-9
2024,60164,52425,-41
1948,60194,52442,23
2080,60202,52441,17
2080,60194,52443,46
2058,60193,52435,43
2092,60187,52435,-10
2088,60189,52438,-45
2098,60205,52442,-36
2132,60228,52445,-5
1996,60263,52462,21
1998,60291,52473,11
3744,60321,52478,25
3672,60344,52492,28
2056,60368,52492,-13
1976,60384,52503,-48
1978,60409,52507,-46
1924,60434,52521,5
2000,60452,52523,48
2004,60477,52534,51
1976,60506,52543,32
1990,60476,52532,47
2000,60388,52505,2
2032,60249,52457,-39
2036,60131,52419,-37
1980,60045,52393,9
2041,60026,52382,39
2041,60038,52383,43
2024,60066,52402,8
2043,60099,52402,26
2016,60130,52423,-27
2088,60153,52420,-51
2096,60191,52434,-56
2024,60218,52451,-17
2088,60249,52452,17
2069,60257,52460,12
2096,60252,52457,-11
2121,60242,52447,9
2076,60237,52448,-55
2128,60260,52459,-31
2128,60270,52457,-39
2046,60296,52463,41
2056,60328,52485,36
2050,60356,52490,27
3384,60385,52502,-13
3468,60409,52504,-6
2216,60435,52510,-33
1988,60467,52528,-15
1828,60504,52534,-34
1944,60530,52553,36
2008,60553,52564,32
2001,60576,52571,38
2018,60593,52573,1
2024,60599,52583,7
2020,60535,52556,-39
2064,60409,52514,-13
2072,60279,52471,-29
2004,60193,52437,31
2026,60153,52424,26
2024,60153,52422,34
2066,60176,52433,-17
2192,60199,52441,-13
2024,60227,52445,-50
2068,60261,52462,-4
2064,60283,52471,-22
1820,60310,52473,28
2060,60329,52485,9
2026,60338,52489,23
2124,60322,52487,-37
2136,60311,52476,-25
2056,60310,52479,-34
2216,60311,52481,4
2124,60311,52482,-15
2057,60308,52473,44
2136,60319,52480,12
2160,60342,52489,31
2792,60350,52494,-22
2712,60373,52502,-10
1996,60401,52509,-15
2000,60425,52523,27
2008,60441,52528,14
1985,60442,52524,56
1976,60467,52536,9
1972,60485,52537,25
2032,60486,52541,-47
2064,60450,52525,-39
2004,60346,52493,-5
2044,60212,52446,25
2038,60096,52416,18
2020,60010,52386,34
1980,59978,52369,-19
1980,59982,52375,-12
2044,59998,52386,-50
2047,60019,52390,-54
2018,60047,52396,-7
2064,60077,52408,11
2060,60090,52418,11
2068,60101,52412,27
2000,60105,52420,-15
1993,60101,52420,-6
2104,60091,52412,-47
2105,60085,52405,-47
2072,60094,52416,-20
2106,60106,52419,33
2092,60132,52434,26
2104,60150,52434,14
1924,60189,52447,-16
1918,60224,52457,-9
3864,60257,52475,-30
3852,60282,52477,-34
2084,60304,52488,23
1932,60335,52492,41
1918,60358,52511,35
1972,60385,52512,11
1928,60417,52531,-15
1924,60453,52539,-5
2012,60475,52546,-12
2124,60463,52545,-19
1988,60376,52511,32
2000,60260,52475,43
1996,60139,52434,41
2048,60060,52412,13
1988,60020,52404,-44
1974,60041,52409,-41
2080,60078,52412,-9
2080,60109,52431,-22
2040,60135,52429,36
1836,60166,52447,45
2029,60186,52453,49
2092,60215,52454,-14
2034,60244,52472,-23
2047,60266,52477,-24
2128,60262,52473,-10
2132,60270,52482,-23
2192,60261,52466,25
2080,60273,52476,27
2073,60290,52480,38
2130,60328,52497,-17
1980,60351,52497,-32
1984,60384,52510,-32
3768,60426,52523,13
3684,60451,52537,-8
2158,60465,52537,33
1948,60492,52545,15
1948,60522,52549,37
2041,60559,52563,-22
1968,60590,52580,-21
2000,60619,52581,-24
2044,60638,52599,8
2037,60628,52590,-9
2092,60542,52558,49
2040,60414,52523,5
2037,60299,52482,21
2080,60225,52455,-19
2024,60210,52455,-29
2044,60226,52456,-36
2064,60254,52467,31
2062,60294,52476,17
2064,60325,52487,35
2032,60358,52494,7
2031,60392,52504,22
2088,60419,52516,-42
2040,60441,52520,-26
2045,60440,52527,-39
2116,60441,52523,27
2104,60435,52524,20
2130,60429,52522,36
2024,60433,52520,-10
2024,60450,52532,3
2084,60469,52532,-55
2224,60493,52547,-6
2278,60501,52546,-29
2532,60526,52551,38
2252,60543,52563,39
1996,60559,52561,21
1908,60581,52574,-4
1912,60600,52579,1
1976,60617,52589,-46
1974,60637,52592,-13
2093,60657,52600,-24
2002,60663,52611,33
1994,60601,52583,31
2064,60500,52544,27
1978,60376,52509,-12
1978,60271,52467,-3
2032,60216,52449,-32
2016,60200,52446,0
2030,60220,52455,-18
2004,60237,52455,50
1996,60264,52468,45
1928,60280,52468,21
2010,60304,52477,-39
1997,60322,52484,-28
2064,60341,52485,-33
2052,60336,52493,4
2058,60339,52486,-6
2148,60327,52490,30
2054,60316,52480,22
2120,60325,52485,-18
2052,60334,52489,-31
2054,60361,52495,-26
2080,60383,52507,-10
1992,60404,52518,20
1996,60438,52528,13
3704,60476,52534,21
3604,60513,52553,20
2060,60539,52565,-10
1956,60564,52570,-36
1953,60589,52577,-22
1912,60615,52577,-16
1986,60632,52586,24
1987,60652,52601,14
1938,60672,52609,41
1944,60636,52592,50
2012,60545,52561,-20
1970,60420,52522,-39
1992,60309,52483,-49
1992,60234,52463,-1
2034,60213,52452,26
2036,60237,52463,29
2004,60262,52476,32
2002,60292,52472,46
2080,60327,52485,-11
2068,60345,52498,-41
2058,60377,52512,-50
2047,60397,52514,14
2112,60422,52516,21
2108,60434,52526,22
2044,60444,52531,5
2064,60437,52529,26
2132,60449,52531,-58
2112,60463,52539,-40
2120,60488,52546,-38
2096,60512,52554,16
2065,60536,52556,23
1756,60566,52572,25
3172,60600,52583,4
3282,60623,52592,5
2280,60654,52595,0
2004,60666,52604,-34
2004,60691,52613,-44
1944,60705,52614,-33
1992,60732,52620,39
1984,60739,52625,45
1968,60762,52634,37
1971,60756,52630,26
2024,60694,52607,43
2036,60562,52565,-2
2070,60430,52522,-25
1996,60330,52483,-36
2016,60278,52469,-15
2022,60273,52460,31
1792,60287,52475,41
2031,60315,52474,42
2020,60346,52487,32
2056,60365,52496,-17
2066,60394,52496,-8
2020,60430,52512,-55
2154,60444,52521,-5
2064,60461,52527,-21
2052,60459,52519,33
2074,60454,52524,29
2056,60443,52518,37
2100,60450,52517,-35
2105,60454,52519,-23
2076,60478,52528,-37
2060,60508,52540,10
2054,60535,52549,-1
2780,60548,52552,38
2888,60577,52563,29
2324,60590,52566,-4
1938,60608,52568,-53
1971,60625,52576,-38
1914,60660,52590,-42
1984,60666,52589,17
1972,60683,52594,4
2000,60698,52602,56
2007,60702,52607,44
2008,60668,52587,9
2064,60570,52560,-22
2064,60434,52510,-21
1980,60323,52478,-5
2016,60252,52448,38
2002,60234,52447,29
2036,60250,52452,37
2028,60278,52463,37
2028,60313,52467,-10
2084,60348,52482,-45
2076,60376,52494,-40
2032,60410,52505,-9
2056,60432,52507,37
2048,60444,52514,31
2092,60447,52514,33
2089,60435,52516,41
2080,60429,52500,-10
2120,60429,52508,-35
2116,60440,52508,-39
2072,60466,52523,4
2084,60490,52536,80
2080,60516,52538,80
2136,60546,52557,29
2188,60572,52559,44
2772,60612,52575,-37
1992,60636,52585,-40
2080,60662,52593,-51
1930,60694,52607,2
1920,60714,52611,36
1914,60742,52619,32
1974,60748,52628,-6
1984,60761,52624,4
1952,60750,52624,-41
2020,60656,52586,-42
2016,60530,52548,-50
2008,60411,52509,21
1732,60326,52479,30
1982,60310,52479,27
2052,60330,52480,13
2040,60366,52495,18
1986,60409,52506,-38
2042,60444,52521,-18
2024,60475,52530,-27
2128,60501,52536,30
2024,60528,52552,25
2032,60550,52558,27
2108,60563,52558,-15
2104,60559,52561,-13
2012,60553,52558,-38
2144,60543,52554,-5
2098,60550,52554,-15
2088,60559,52558,48
2064,60576,52565,31
2068,60600,52570,38
2112,60622,52576,-15
2096,60646,52587,-7
3120,60670,52602,-48
2264,60695,52605,6
2242,60720,52612,-5
1992,60742,52623,34
1929,60767,52629,11
1920,60781,52633,25
2000,60799,52635,-36
1998,60813,52645,-30
1994,60824,52652,-31
2044,60805,52641,10
2040,60718,52613,-6
2092,60578,52565,51
2000,60460,52533,12
2008,60380,52502,30
2056,60357,52494,-33
2049,60365,52497,-21
2040,60402,52510,-25
2068,60431,52516,23
2064,60464,52528,5
2112,60503,52535,43
2020,60527,52547,-1
2028,60553,52554,7
2116,60577,52567,-49
2108,60582,52561,-37
2085,60584,52567,-21
2144,60567,52563,26
1931,60554,52554,23
2156,60548,52550,46
2080,60570,52561,-11
2085,60585,52562,-1
2140,60606,52572,-219
2146,60628,52581,-41
2034,60653,52584,-15
3288,60670,52591,40
3194,60690,52596,36
2098,60714,52611,55
1944,60737,52613,-9
1959,60765,52623,-5
2016,60799,52638,-44
1974,60816,52644,-43
2012,60839,52651,18
2024,60862,52651,27
2010,60854,52656,31
1898,60760,52621,6
1992,60618,52574,-14
1969,60493,52531,-4
2024,60414,52507,-43
2029,60391,52491,-49
2064,60403,52504,11
2096,60444,52512,48
2004,60486,52524,47
2104,60521,52532,-12
2040,60557,52551,-41
2054,60578,52559,-29
2080,60607,52560,-42
2068,60606,52566,-48
2120,60601,52564,20
2088,60583,52553,27
2092,60566,52550,19
2104,60547,52535,-4
2052,60545,52545,-27
2072,60552,52545,-16
2068,60567,52546,-6
2074,60590,52558,-16
2160,60618,52569,16
2640,60633,52571,29
2558,60651,52577,29
2008,60662,52580,1
1960,60686,52590,-62
1977,60711,52600,48
1946,60738,52612,-14
1940,60761,52617,-27
1996,60779,52624,31
1970,60795,52622,32
1988,60764,52617,37
2060,60670,52583,-33
2016,60545,52542,-40
2022,60437,52505,-41
1988,60367,52483,8
1985,60354,52482,-8
2056,60366,52482,32
2020,60401,52494,1
2028,60444,52506,10
2042,60476,52516,-42
2056,60509,52526,-33
2060,60543,52538,-33
2020,60566,52544,0
2022,60582,52553,-13
2084,60586,52555,20
2050,60581,52552,-11
2086,60574,52556,-3
2096,60575,52550,-41
2092,60583,52558,-27
2104,60603,52560,-36
2072,60641,52573,22
2180,60670,52588,-1
2017,60715,52597,27
3816,60744,52610,5
3784,60777,52620,21
2096,60814,52633,-39
1968,60846,52653,-10
2016,60876,52658,-14
1936,60911,52662,40
1936,60927,52673,30
1996,60942,52671,34
1716,60950,52682,-5
1949,60936,52677,4
2004,60836,52633,-9
2044,60677,52589,6
2057,60552,52540,-9
1960,60467,52519,39
1955,60435,52505,39
2120,60446,52507,35
2020,60483,52520,-6
2038,60524,52533,-5
2000,60554,52538,-39
2060,60571,52549,6
2066,60599,52555,-10
2052,60621,52569,60
2026,60641,52565,55
2066,60650,52578,0
2100,60643,52573,-4
2106,60627,52562,-1
2080,60618,52560,-56
2076,60612,52559,31
2104,60624,52563,13
2066,60640,52568,37
2074,60669,52581,30
2104,60685,52586,-10
2962,60714,52592,-39
2880,60734,52606,-22
1968,60757,52609,-21
1984,60770,52614,15
1984,60793,52615,5
1932,60814,52632,33
1933,60838,52635,24
2000,60849,52642,-4
2056,60857,52641,-46
2072,60837,52630,-38
2036,60736,52603,-24
2032,60601,52561,28
2028,60489,52521,19
2016,60417,52494,43
2029,60399,52479,41
2032,60425,52488,-6
2074,60454,52502,-43
2084,60497,52516,-34
2040,60533,52528,2
2100,60575,52541,58
2105,60604,52550,56
2052,60627,52558,40
1831,60645,52565,55
2068,60633,52564,-23
2140,60619,52558,-36
2146,60606,52553,-35
2073,60594,52550,13
2114,60599,52547,42
2202,60610,52555,45
2104,60635,52564,9
2122,60644,52569,28
2368,60667,52575,-13
2472,60679,52577,-41
2434,60692,52581,-45
1952,60714,52588,26
1986,60725,52592,19
1980,60739,52596,7
1994,60767,52604,-9
2007,60775,52609,18
1796,60781,52606,-48
2072,60780,52609,-52
2044,60723,52596,-62
2044,60596,52544,2
2060,60470,52505,29
2052,60363,52465,24
2112,60294,52445,3
2041,60295,52438,17
2024,60318,52454,-29
2080,60342,52457,-22
2080,60367,52468,-36
2028,60407,52478,25
2100,60425,52488,30
2056,60451,52498,26
2084,60468,52501,-10
2100,60478,52497,-4
2010,60473,52500,-22
2140,60476,52494,-10
2140,60478,52496,-18
2058,60481,52500,34
2076,60500,52506,38
2064,60506,52513,43
2096,60534,52518,-11
2101,60565,52528,-5
1964,60593,52543,-12
3680,60610,52548,5
3583,60635,52555,-5
2012,60659,52555,45
1940,60672,52572,18
1942,60698,52574,36
1976,60714,52585,-33
1972,60730,52584,-17
1944,60749,52589,-26
2016,60755,52595,9
2005,60734,52589,-4
2016,60631,52547,21
2016,60503,52512,-2
2013,60377,52463,15
2036,60300,52440,-51
2040,60282,52437,-39
1988,60285,52439,-31
2072,60304,52443,19
2058,60328,52447,2
2056,60349,52457,14
2042,60361,52461,-3
1848,60386,52463,1
2088,60406,52476,-38
2089,60429,52478,-28
2056,60442,52480,-25
2080,60433,52483,25
2080,60429,52482,17
2138,60423,52482,47
2096,60437,52476,-6
2088,60454,52486,4
2128,60476,52499,-33
2124,60493,52500,-28
2074,60520,52505,-14
2250,60535,52513,38
2298,60563,52521,30
2660,60582,52521,23
1968,60596,52534,-31
1960,60616,52541,-33
1772,60632,52539,-35
2028,60653,52548,-35
1956,60653,52551,2
1978,60660,52549,38
1972,60679,52551,30
2072,60667,52552,0
2112,60593,52517,-29
2036,60467,52476,-19
2084,60340,52443,-46
2080,60246,52407,-50
2032,60216,52396,-2
2064,60214,52397,26
2046,60246,52397,17
2120,60277,52417,8
2018,60303,52422,-45
2028,60325,52430,-38
2082,60358,52435,-31
2076,60386,52447,-39
2096,60410,52451,27
2034,60421,52465,46
2047,60423,52464,39
2116,60408,52460,-7
2057,60412,52453,-30
2064,60416,52451,-22
2130,60434,52469,-13
2114,60459,52470,-21
2088,60491,52478,25
1992,60525,52494,47
1972,60553,52506,37
3456,60572,52502,-14
2232,60602,52510,-8
2216,60618,52518,0
1993,60628,52523,-9
1992,60654,52530,-22
2000,60674,52539,31
1968,60684,52543,26
1964,60702,52549,37
2056,60706,52547,0
2058,60699,52541,-54
2074,60606,52515,-49
2064,60482,52468,1
2077,60371,52429,-18
2036,60291,52405,11
1984,60271,52402,9
1973,60282,52400,19
2028,60316,52419,-27
2032,60336,52424,-30
2037,60372,52439,-29
2056,60393,52443,-5
2041,60424,52445,-29
2068,60442,52455,35
2024,60443,52458,0
2149,60449,52459,25
2096,60424,52446,-29
2118,60418,52445,-14
2130,60406,52439,-24
2057,60406,52447,30
2047,60424,52445,12
2090,60447,52458,31
2036,60471,52467,-6
2046,60483,52469,9
2000,60510,52474,-14
3336,60538,52492,-5
3452,60552,52490,-9
1996,60571,52496,54
1942,60595,52504,40
1980,60617,52516,47
1882,60628,52523,-16
1890,60652,52530,-6
2048,60663,52534,-45
1980,60684,52536,0
1997,60670,52538,-12
1992,60605,52506,13
1988,60493,52480,9
2040,60376,52432,14
1980,60284,52407,-41
1966,60254,52398,-25
2018,60253,52398,-44
2044,60284,52401,6
2046,60307,52410,-6
1992,60332,52416,36
1990,60350,52428,39
2040,60369,52432,-4
2024,60395,52434,-13
2032,60413,52439,-3
2056,60418,52448,-18
2084,60413,52450,23
2092,60414,52442,5
2024,60406,52442,47
2032,60415,52447,43
2128,60434,52449,12
2077,60453,52461,-46
2092,60477,52470,-25
2088,60494,52469,-13
2096,60521,52480,42
2074,60543,52485,23
3162,60551,52487,73
3268,60586,52497,62
2288,60602,52505,-12
1964,60611,52505,-13
1975,60633,52515,2
1928,60644,52517,-9
1992,60676,52524,26
2000,60685,52525,12
1984,60705,52535,6
1996,60701,52540,10
2058,60639,52509,-26
2080,60522,52475,-40
1860,60390,52429,-34
2008,60296,52399,-2
2068,60241,52387,26
2060,60252,52380,15
1994,60282,52398,15
2014,60306,52403,29
2056,60332,52403,-12
2080,60365,52419,-30
2090,60381,52418,-24
2024,60410,52436,0
2114,60429,52441,8
2110,60441,52445,10
2044,60434,52443,23
2036,60429,52440,41
2128,60427,52432,-26
2128,60436,52441,-20
2100,60444,52436,-27
1864,60467,52445,28
2144,60494,52456,28
2108,60515,52463,21
2028,60545,52469,0
2057,60575,52480,18
3200,60600,52486,-41
2136,60623,52502,-11
2058,60645,52503,-21
1932,60674,52521,21
1994,60686,52522,45
1994,60715,52537,39
1996,60733,52537,-6
2009,60760,52541,13
2040,60773,52552,-32
2092,60730,52541,-17
2101,60622,52496,-34
2010,60508,52462,27
2060,60424,52435,11
2051,60373,52422,12
1992,60371,52417,5
2032,60410,52427,16
2028,60449,52450,-34
2072,60477,52453,2
2072,60516,52460,-15
2044,60537,52470,1
2072,60565,52481,29
2074,60585,52482,35
2047,60597,52494,-75
2057,60592,52492,-67
2052,60588,52482,-17
2136,60586,52488,-9
2136,60596,52488,-30
2088,60606,52495,36
2092,60639,52503,16
2088,60667,52513,29
1994,60685,52524,-33
1986,60721,52530,-24
3656,60749,52553,-34
2224,60768,52549,21
2200,60797,52565,4
1940,60823,52574,37
1944,60855,52577,7
1938,60880,52591,27
1984,60891,52593,-12
1988,60911,52603,-6
1952,60920,52600,-11
2064,60907,52593,28
2059,60821,52570,7
2020,60698,52530,2
2001,60599,52492,-14
1983,60521,52469,7
2032,60495,52458,40
2144,60517,52466,4
2000,60548,52475,-9
2052,60570,52486,-2
2038,60598,52496,1
2016,60620,52506,-21
2024,60650,52510,15
2144,60664,52516,0
2112,60678,52513,6
2112,60685,52526,5
2016,60683,52524,-20
1916,60669,52518,-25
2108,60666,52515,4
2084,60668,52516,-5
2056,60686,52521,29
2052,60702,52527,18
2114,60719,52532,-1
2112,60744,52544,10
2130,60770,52550,-22
2984,60799,52559,-44
2872,60823,52569,-44
1992,60840,52572,-16
1936,60863,52584,29
1926,60887,52592,22
1984,60898,52587,5
1962,60922,52601,31
1944,60939,52603,-36
2014,60945,52605,-19
2009,60922,52599,-23
2040,60829,52564,-2
1972,60720,52526,19
1992,60610,52492,16
2052,60548,52478,16
2040,60528,52464,34
2008,60561,52475,-4
2032,60588,52485,0
2021,60628,52500,-9
2076,60652,52501,28
2005,60674,52508,29
2001,60691,52520,28
2056,60719,52521,5
2058,60732,52530,23
2060,60741,52532,-22
2124,60738,52538,3
2106,60728,52531,-6
2108,60728,52527,20
2044,60739,52533,5
2041,60752,52534,8
2104,60776,52547,-6
2087,60794,52555,0
2084,60814,52561,-34
2912,60842,52566,-10
2836,60863,52567,-17
2072,60874,52581,29
1948,60898,52582,31
1953,60920,52594,35
1976,60937,52600,-14
1796,60945,52596,0
2008,60961,52603,-38
1998,60970,52612,-2
1999,60954,52606,-28
2096,60871,52580,38
2002,60766,52544,4
2118,60659,52504,24
2028,60577,52477,-39
2032,60559,52474,-27
2052,60566,52479,-38
1994,60591,52479,7
2008,60627,52491,-16
2072,60657,52500,32
2017,60686,52518,21
2032,60703,52517,36
2052,60728,52530,-29
2044,60737,52527,-21
1856,60744,52537,-21
2064,60739,52528,20
2046,60740,52528,6
2116,60743,52535,28
2080,60756,52539,0
2088,60771,52543,9
2152,60787,52550,-42
2064,60813,52554,-30
1980,60846,52572,-1
3712,60873,52576,2
3632,60895,52587,-4
2096,60920,52591,39
1956,60942,52607,3
1936,60967,52614,7
1936,60979,52613,-38
1938,61006,52622,-30
1969,61020,52627,1
1928,61029,52632,25
1932,61020,52622,17
2028,60946,52604,15
2010,60834,52560,-3
2028,60717,52525,5
1972,60644,52498,-32
1968,60614,52495,-33
2088,60613,52488,0
2005,60645,52509,22
2018,60667,52503,16
2058,60695,52519,29
2064,60701,52520,-11
2080,60728,52527,-6
2016,60743,52531,-33
2010,60756,52533,-44
2080,60768,52540,24
2092,60763,52537,24
2108,60755,52528,18
2080,60757,52531,-2
2120,60762,52539,-16
2112,60767,52532,-5
2064,60783,52544,-23
2066,60800,52548,-30
2045,60829,52561,36
3680,60841,52562,32
3697,60859,52560,26
2152,60868,52572,7
2004,60885,52573,-21
1936,60901,52582,-7
1936,60926,52587,-13
1934,60934,52590,-23
2008,60960,52599,24
2034,60967,52603,33
2035,60964,52593,31
2032,60917,52581,-6
2080,60810,52547,-15
2086,60694,52500,-14
2008,60600,52472,-9
2014,60555,52455,-27
2045,60538,52456,19
2024,60562,52457,11
2102,60579,52466,20
2050,60603,52470,-22
2092,60631,52487,-31
2100,60637,52480,-24
1896,60663,52494,-3
2066,60669,52494,-23
2072,60684,52497,8
2096,60666,52493,-10
2106,60654,52485,5
2072,60640,52487,-31
2208,60631,52474,-18
2117,60641,52482,-22
2068,60664,52490,4
2093,60672,52494,-19
2512,60695,52495,23
2420,60714,52507,9
2420,60736,52507,29
1984,60754,52518,-23
2002,60772,52526,-21
2008,60799,52536,-34
1956,60820,52537,45
1975,60838,52544,28
2016,60838,52544,34
2040,60849,52547,-2
2070,60809,52531,14
2047,60725,52502,-19
2096,60608,52471,-1
2084,60506,52427,-13
2016,60461,52418,30
2022,60447,52416,16
2008,60463,52413,46
2040,60482,52429,-3
2058,60506,52431,7
2020,60526,52441,-19
2084,60542,52443,-9
2074,60555,52444,-26
2068,60575,52448,31
2068,60569,52452,22
2122,60573,52453,3
2148,60555,52445,-10
2152,60547,52445,-2
2080,60546,52445,-32
2128,60549,52439,-4
2122,60554,52443,-18
2018,60570,52456,7
2039,60581,52455,8
3416,60607,52460,-4
2047,60620,52467,-20
2034,60636,52474,-5
1896,60660,52481,-30
1958,60674,52480,9
1954,60691,52483,-13
1976,60717,52499,35
1979,60727,52506,27
1936,60734,52499,18
2024,60677,52479,-27
2144,60578,52447,-27
1968,60460,52413,-16
1984,60356,52378,-6
1976,60300,52359,-15
2016,60286,52355,43
2024,60314,52364,47
1984,60340,52374,5
2060,60380,52388,-8
2044,60401,52397,1
1992,60415,52395,-13
1794,60443,52410,7
1982,60460,52409,2
2024,60479,52415,29
2013,60486,52422,34
2032,60482,52413,-14
2100,60488,52419,-27
2092,60494,52421,-17
2144,60499,52423,0
2044,60528,52429,11
2032,60549,52436,11
2404,60569,52449,23
2495,60590,52449,33
2396,60624,52458,-8
1956,60641,52474,-26
1946,60661,52475,-29
1912,60679,52480,-3
1916,60705,52490,22
1910,60720,52491,26
1954,60735,52495,12
1958,60744,52495,35
1924,60716,52487,-8
2004,60635,52462,-32
1999,60514,52423,-32
1988,60399,52380,19
1968,60333,52364,6
1956,60314,52356,4
2016,60318,52360,-7
2023,60348,52361,15
1984,60369,52371,-11
2000,60377,52376,-18
1993,60403,52378,-20
2028,60423,52392,15
1976,60435,52395,48
1968,60464,52403,44
2072,60467,52403,0
2064,60456,52397,19
2044,60447,52393,-53
2058,60439,52394,-29
2047,60446,52385,-40
2082,60454,52395,24
1940,60467,52396,20
1934,60486,52399,25
3488,60510,52412,18
3538,60518,52414,29
2184,60534,52416,-33
1936,60553,52423,-6
1688,60568,52428,-17
1984,60591,52433,27
1952,60592,52430,39
1949,60605,52433,43
1996,60623,52442,-14
1992,60618,52433,0
2052,60569,52421,-27
2004,60456,52378,7
1978,60328,52341,-14
2016,60215,52300,29
1984,60160,52287,0
1992,60150,52281,18
2028,60164,52281,-19
2062,60186,52293,-18
2056,60201,52294,-36
2064,60226,52297,7
2047,60242,52306,-11
1880,60263,52308,24
2047,60278,52317,11
2026,60282,52314,31
2080,60271,52318,-26
2065,60267,52308,-16
2092,60263,52312,-20
2112,60260,52317,35
2032,60270,52308,17
2088,60286,52321,25
2976,60300,52326,-7
3088,60318,52328,5
2328,60335,52339,-32
2312,60362,52339,-19
1976,60386,52353,-21
1940,60405,52355,34
1944,60421,52367,22
2028,60430,52362,26
1988,60454,52367,-9
1999,60468,52373,5
2026,60466,52378,-44
2034,60406,52353,-42
2100,60294,52319,-4
2008,60161,52277,26
2012,60068,52245,18
2072,60043,52235,21
2036,60043,52243,7
2044,60080,52256,11
2042,60099,52255,-39
2038,60132,52263,-40
2104,60163,52285,-7
2024,60186,52286,23
2034,60211,52295,21
2096,60227,52293,17
2128,60246,52299,-19
2136,60235,52307,-12
2072,60241,52297,-35
2065,60242,52308,-45
2130,60251,52307,12
2046,60273,52316,20
2056,60286,52314,11
2024,60323,52330,20
3420,60300,52326,-8
3312,60369,52352,5
1985,60389,52350,-43
1966,60423,52365,-50
1952,60444,52373,7
1892,60464,52379,30
1905,60485,52379,30
1956,60510,52390,2
1984,60507,52392,-14
1996,60507,52393,-5
1968,60428,52361,-39
2068,60311,52325,-42
2024,60182,52285,23
1988,60099,52254,25
2000,60064,52242,24
2024,60077,52255,0
2037,60089,52256,-25
2028,60113,52263,-16
2008,60143,52270,-16
2008,60156,52278,-40
2056,60178,52278,21
1858,60203,52295,17
2064,60223,52301,23
2052,60230,52297,-36
2120,60232,52306,-47
2136,60233,52299,-50
2056,60227,52300,-3
2060,60237,52302,-19
2192,60260,52308,19
2100,60278,52323,30
2104,60302,52330,39
1976,60328,52328,1
3776,60352,52345,-23
3696,60378,52346,-27
2072,60389,52361,6
2040,60414,52358,-9
2001,60433,52368,41
1977,60466,52376,12
1992,60483,52379,29
1976,60498,52396,-19
2008,60507,52389,-40
2028,60509,52398,-43
2000,60446,52368,3
2000,60326,52333,-5
2064,60201,52285,39
2040,60105,52259,10
2050,60061,52240,29
2000,60067,52251,-24
2104,60084,52246,-24
2106,60107,52262,-30
2040,60135,52265,35
2041,60159,52283,31
2080,60176,52281,41
2112,60208,52293,-9
2112,60230,52298,6
2052,60236,52307,-37
2112,60232,52298,-13
2101,60227,52294,-31
2080,60224,52298,12
2092,60234,52297,11
2112,60246,52300,41
2120,60268,52311,-14
2121,60283,52319,-9
2010,60296,52319,-45
3368,60328,52325,0
3464,60348,52332,-18
2272,60372,52345,12
1978,60383,52346,14
1944,60401,52352,19
2016,60411,52351,-9
2022,60430,52354,0
1948,60444,52366,-30
2025,60461,52369,6
2144,60472,52371,-16
2068,60442,52357,13
2068,60369,52329,20
2056,60239,52292,0
2032,60118,52254,-31
2046,60037,52227,-22
2000,60011,52219,-36
2034,60036,52229,-10
2026,60060,52235,-20
2060,60098,52252,34
2069,60126,52254,26
1856,60155,52268,10
2056,60175,52279,-36
2041,60207,52286,-35
1996,60222,52298,-33
2080,60229,52299,17
2070,60221,52291,-1
2180,60209,52291,22
2092,60211,52285,18
2018,60227,52294,-4
2100,60237,52300,-44
2097,60265,52314,-36
1984,60285,52321,-21
3472,60321,52326,33
3478,60344,52332,26
2264,60355,52345,41
2249,60379,52346,42
1944,60407,52360,-11
2000,60422,52367,-16
1992,60446,52372,-25
1936,60456,52370,-6
2000,60477,52386,36
1992,60495,52385,36
2080,60476,52381,7
2072,60407,52361,24
2020,60293,52320,-12
2028,60178,52286,-39
2044,60108,52263,-49
2028,60100,52266,-2
2012,60113,52274,38
2010,60136,52273,35
2058,60174,52288,16
2064,60205,52301,37
2016,60227,52301,-14
2072,60252,52317,-40
2078,60270,52312,-50
2056,60296,52325,29
2020,60301,52335,41
2013,60300,52327,30
2114,60296,52332,5
2120,60303,52332,23
2036,60316,52340,-41
2089,60325,52339,-28
2089,60352,52353,-37
2084,60391,52362,23
1948,60411,52375,24
1769,60442,52378,18
3936,60456,52388,-3
3902,60491,52392,12
2072,60514,52409,-38
1944,60525,52404,-24
1932,60546,52412,-39
1952,60575,52426,23
1916,60588,52431,42
1910,60606,52439,46
1994,60615,52442,2
1996,60619,52441,3
1962,60557,52417,-38
1988,60445,52385,10
2020,60328,52346,-5
1992,60235,52313,46
1968,60202,52307,31
1960,60208,52301,47
1956,60222,52313,-28
2028,60251,52314,-19
2020,60287,52328,-51
2024,60309,52339,-1
2018,60331,52348,-13
2068,60353,52351,22
2084,60360,52356,17
2116,60383,52361,-9
2072,60371,52366,-21
2064,60383,52363,-9
2092,60384,52365,-31
2084,60391,52364,16
2066,60405,52371,-1
2164,60422,52375,42
2132,60452,52389,37
2052,60472,52396,-3
2692,60500,52399,-41
2786,60527,52409,-28
2322,60554,52421,-24
1930,60572,52424,7
1953,60594,52432,-4
1984,60608,52442,41
1980,60623,52440,42
1920,60638,52442,-4
2018,60661,52449,-64
2001,60677,52457,-67
2040,60664,52458,-36
2001,60575,52416,41
2003,60453,52383,34
2036,60344,52353,50
2038,60272,52320,50
2000,60254,52317,9
2034,60273,52328,-29
2018,60307,52338,-27
2050,60338,52349,-3
2020,60358,52356,44
2022,60382,52359,40
2080,60418,52369,34
2076,60451,52385,47
2072,60481,52397,-18
2068,60481,52399,-42
2060,60479,52394,-46
2116,60455,52388,0
2047,60450,52377,31
2046,60456,52378,30
2098,60472,52390,15
1984,60487,52402,23
2047,60507,52399,-9
2668,60531,52415,-43
2756,60554,52415,-51
2372,60572,52422,-44
1928,60595,52424,24
2041,60604,52429,18
1980,60628,52440,24
1977,60641,52450,-16
1966,60660,52454,48
2000,60679,52459,-1
1996,60686,52460,-15
2080,60684,52465,-47
1980,60601,52437,-16
1988,60481,52393,16
2032,60367,52364,39
2034,60284,52335,27
1817,60260,52326,29
2008,60264,52327,12
1972,60290,52334,7
2058,60312,52345,-26
2064,60346,52349,-11
2065,60385,52363,-23
2138,60407,52374,43
2062,60428,52381,40
2048,60443,52387,33
2082,60442,52382,-19
2079,60439,52384,-9
2122,60440,52387,-47
2080,60435,52389,-2
2064,60440,52389,-15
2074,60446,52389,2
2084,60468,52396,1
1996,60484,52406,23
3768,60505,52410,-55
3732,60521,52411,-43
2112,60542,52427,-48
1933,60563,52424,15
1942,60593,52442,-2
1962,60613,52454,40
1946,60628,52451,36
1988,60647,52459,14
1944,60661,52459,-14
1952,60663,52467,-13
2020,60607,52446,-18
1996,60501,52409,23
2010,60369,52367,9
1984,60281,52339,48
1984,60224,52324,41
2040,60234,52327,9
1994,60259,52337,-11
2007,60286,52347,3
2068,60317,52356,-13
2040,60349,52363,46
2052,60383,52380,33
2036,60409,52381,40
2028,60437,52391,37
2080,60443,52401,-19
2046,60443,52394,-46
2056,60441,52399,-40
2104,60441,52407,-7
2090,60448,52404,32
1865,60456,52411,29
2072,60477,52413,31
2064,60507,52423,36
2028,60539,52428,-13
3720,60566,52447,-44
3756,60580,52451,-49
2168,60597,52447,-5
2000,60618,52454,8
2008,60641,52467,6
1941,60661,52466,29
1928,60680,52481,48
1996,60684,52485,-17
1968,60698,52481,-32
2028,60697,52484,-37
2028,60632,52468,13
2052,60523,52422,58
2060,60396,52383,56
1770,60311,52355,-4
2000,60282,52348,7
2064,60291,52359,-13
2064,60312,52359,-31
2076,60357,52375,-25
2064,60386,52383,18
2184,60423,52390,30
2096,60448,52401,29
2026,60483,52409,3
2040,60501,52424,21
2116,60516,52432,-34
2116,60514,52424,-29
2136,60508,52421,-39
2122,60497,52424,18
2116,60501,52415,41
2124,60512,52422,39
2074,60528,52422,-23
2076,60545,52435,-13
2080,60556,52435,-46
3172,60579,52444,-12
3108,60609,52452,-32
2056,60631,52463,23
2042,60648,52463,7
2040,60679,52479,17
1994,60702,52483,5
2000,60704,52487,12
2056,60723,52486,-27
2072,60738,52499,0
2091,60724,52493,-12
2026,60634,52454,43
2080,60512,52417,28
2080,60400,52382,48
2049,60324,52358,-6
2060,60304,52345,-5
2072,60321,52355,-28
2088,60347,52361,23
2096,60387,52376,8
2047,60412,52386,28
2106,60443,52388,0
2089,60477,52399,15
2032,60508,52417,-60
2036,60512,52420,-46
2136,60510,52418,-27
2112,60491,52411,29
2120,60483,52405,14
2056,60471,52397,23
2108,60481,52399,-6
2106,60491,52401,10
1968,60511,52407,-41
1982,60533,52422,-32
3394,60551,52426,-212
2108,60567,52434,25
2205,60594,52439,18
1928,60613,52447,46
2004,60628,52451,-5
1998,60646,52458,6
2004,60653,52456,-147
2016,60672,52468,-144
2036,60670,52470,4
2066,60630,52447,30
2070,60530,52416,27
2010,60406,52385,201
1868,60297,52339,-11
2029,60244,52326,0
2004,60240,52321,-35
1994,60266,52327,-36
2002,60300,52344,6
2056,60327,52353,37
2058,60352,52362,37
2074,60381,52363,15
2028,60401,52375,-10
2024,60419,52379,1
2024,60437,52383,-43
2040,60438,52388,-40
2032,60429,52384,1
2096,60420,52386,25
2072,60428,52390,21
2012,60442,52381,-15
2056,60461,52398,-25
2044,60475,52404,-12
2540,60496,52406,-51
2653,60530,52417,-53
2296,60550,52426,29
1972,60576,52432,51
1969,60586,52433,38
1896,60617,52440,-10
1952,60639,52451,-28
1936,60650,52452,-16
1944,60673,52462,-23
1963,60684,52477,-28
1936,60646,52461,43
2024,60542,52422,55
2022,60407,52383,50
1968,60298,52342,-9
2008,60248,52330,-24
1988,60236,52320,-39
2046,60267,52340,-6
2060,60293,52343,-10
2004,60324,52357,35
2076,60333,52355,32
2072,60367,52362,33
2032,60389,52373,-7
2080,60410,52379,-37
2098,60420,52379,-29
2144,60419,52388,30
2152,60413,52377,15
2080,60411,52381,23
2104,60414,52378,16
1828,60421,52386,27
2104,60434,52391,-23
1992,60464,52395,-35
1986,60485,52407,-40
3576,60512,52413,12
3474,60521,52422,-6
2032,60540,52418,33
2008,60573,52437,14
2002,60597,52437,37
1992,60625,52450,-36
2004,60640,52457,-42
2006,60659,52464,-44
2090,60669,52458,15
2202,60640,52455,0
2036,60529,52418,19
2068,60405,52371,-10
2068,60289,52337,4
1816,60227,52312,-48
2032,60213,52315,-25
2012,60241,52326,-34
2104,60269,52332,17
2101,60296,52334,5
2058,60325,52348,26
2200,60344,52357,-39
2100,60365,52357,-26
2108,60385,52366,-44
2084,60387,52363,4
2086,60377,52357,-9
2160,60374,52350,8
2159,60370,52355,3
2136,60367,52354,35
2120,60367,52353,-12
2120,60383,52362,-8
2081,60401,52363,-28
3216,60431,52372,12
3301,60448,52375,-4
2336,60469,52382,45
2332,60486,52386,39
1968,60508,52400,28
1976,60529,52402,-13
1968,60554,52414,-3
2016,60563,52419,-7
1984,60582,52422,-2
1996,60592,52423,-20
2096,60565,52421,60
2092,60476,52385,56
2060,60348,52351,19
2020,60225,52302,-45
2006,60155,52282,-28
2052,60140,52271,-27
2000,60165,52283,15
2014,60192,52292,1
2040,60221,52300,30
2037,60243,52307,25
2047,60273,52313,6
2024,60290,52324,-43
2024,60299,52323,-25
2084,60313,52329,-31
2016,60301,52323,2
2024,60284,52317,-8
2081,60268,52307,44
2068,60280,52316,36
2064,60284,52318,-17
2024,60302,52324,-31
2008,60324,52328,-27
3176,60336,52339,-18
2228,60357,52335,37
2226,60373,52342,31
1976,60400,52348,30
2073,60407,52362,28
1988,60436,52367,-21
1932,60449,52371,-35
1932,60469,52373,-38
2040,60474,52381,-2
2000,60473,52369,34
2060,60413,52350,31
2046,60295,52317,28
2041,60176,52273,41
2040,60087,52247,-8
1708,60053,52237,-42
1988,60058,52244,-44
2040,60073,52247,21
2008,60112,52256,33
2010,60138,52260,27
2032,60164,52277,19
2030,60180,52275,34
2152,60200,52282,-19
2008,60215,52285,-36
2016,60223,52292,-37
2124,60213,52288,34
2088,60217,52288,35
2094,60218,52287,31
2098,60234,52288,-22
2064,60256,52297,-2
2096,60277,52303,-35
1976,60302,52317,-15
1998,60329,52326,-16
3144,60349,52339,17
1932,60371,52339,23
1966,60400,52348,30
1918,60429,52356,-6
1898,60445,52362,14
1946,60461,52364,-37
1912,60481,52378,-22
1922,60490,52375,-34
1988,60485,52373,18
2016,60433,52356,25
2037,60325,52311,22
1988,60211,52278,-31
1976,60115,52254,-11
2046,60070,52237,-49
2002,60075,52231,-9
2009,60088,52240,-25
2040,60112,52247,21
2044,60127,52256,17
2047,60151,52263,28
2020,60171,52264,-24
2015,60207,52276,-22
2104,60227,52286,-16
2060,60235,52291,4
2076,60242,52294,-11
2152,60245,52288,20
2096,60256,52292,0
2124,60270,52292,15
2080,60288,52299,-33
1841,60317,52315,-14
2128,60344,52324,-37
2081,60369,52327,24
2120,60386,52336,3
2960,60407,52340,33
2060,60437,52343,1
2156,60455,52349,24
1952,60483,52364,-44
1948,60497,52371,-20
1994,60515,52376,-18
1996,60521,52374,24
2012,60540,52378,10
2024,60534,52377,40
2068,60490,52356,-1
2074,60407,52338,12
2028,60309,52295,-35
2024,60238,52278,-26
1796,60210,52270,-1
2036,60213,52262,49
2026,60239,52275,39
2016,60250,52275,31
2080,60268,52273,-25
2076,60278,52277,-19
2114,60303,52291,-37
2024,60312,52288,-37
2081,60334,52299,7
2047,60329,52303,38
2064,60324,52294,32
2092,60319,52290,29
2144,60306,52286,-18
2104,60311,52287,-10
2058,60325,52285,-22
2072,60342,52299,-21
2096,60354,52300,10
2468,60360,52300,35
2560,60371,52300,32
2364,60375,52297,-6
2024,60389,52307,-24
2016,60398,52306,-12
1928,60416,52314,-10
1939,60416,52319,-12
1968,60427,52319,26
2008,60434,52316,49
2032,60442,52323,46
1976,60431,52315,-6
2064,60378,52294,-42
2072,60283,52267,-31
2004,60180,52231,-27
2022,60123,52207,-34
2044,60099,52204,25
2032,60115,52210,34
2044,60150,52227,27
1984,60183,52245,-9
2056,60221,52249,-38
2058,60261,52266,-26
2010,60300,52279,-17
2028,60339,52295,-25
2016,60356,52299,34
2076,60371,52297,27
2080,60371,52299,34
2072,60363,52305,3
2088,60354,52296,-45
1996,60359,52303,-39
2058,60375,52299,2
2066,60382,52309,-16
2046,60401,52305,30
2028,60429,52325,6
2042,60445,52324,23
3218,60465,52334,-18
2016,60482,52342,-41
1997,60497,52339,-49
1930,60504,52351,-1
1956,60511,52344,-17
1922,60527,52346,26
2000,60538,52356,1
1984,60542,52352,12
1984,60552,52356,-18
2033,60514,52350,-25
2033,60435,52325,-23
1800,60319,52286,29
2047,60237,52261,9
1984,60197,52247,30
2036,60200,52251,2
2044,60223,52258,13
2016,60259,52274,-25
2128,60274,52278,-26
2036,60297,52286,-26
2047,60324,52294,28
2067,60350,52310,6
2016,60376,52314,31
2092,60390,52326,-13
2088,60407,52323,3
2072,60409,52331,-38
2104,60406,52327,-31
2096,60423,52331,-42
2124,60451,52343,24
2140,60462,52345,15
2029,60483,52349,31
2088,60512,52368,-6
2114,60536,52369,1
2020,60553,52373,-44
3028,60566,52382,5
2912,60580,52385,-12
2016,60582,52385,38
2019,60595,52382,29
1912,60619,52393,8
1970,60631,52403,-12
1968,60642,52397,-6
1968,60657,52405,-36
2000,60660,52411,18
1994,60643,52405,-6
2064,60566,52372,40
2066,60472,52343,42
1992,60375,52315,10
2036,60316,52291,-32
2026,60310,52297,-21
2024,60321,52294,-13
2044,60349,52310,17
2026,60370,52308,1
2084,60378,52317,29
2085,60396,52317,26
2032,60418,52324,6
2072,60428,52330,-47
2056,60433,52326,-32
2068,60447,52332,-34
2036,60440,52336,15
2032,60442,52328,-4
2160,60445,52337,24
2156,60453,52341,26
2072,60465,52338,-12
2112,60479,52351,-54
2208,60508,52355,-40
2128,60539,52374,-15
2992,60569,52379,19
3084,60595,52388,11
2336,60611,52396,17
2313,60627,52393,15
2000,60650,52402,-4
2016,60667,52418,-38
2008,60689,52415,-35
2044,60707,52425,-10
1796,60717,52434,36
2010,60731,52441,34
2088,60723,52431,8
2069,60654,52414,23
2047,60571,52382,-9
2052,60472,52358,-31
2042,60411,52334,-29
2144,60401,52323,18
2016,60430,52335,49
2028,60463,52341,42
2088,60490,52357,14
2084,60508,52364,30
2046,60528,52367,-21
2100,60548,52376,-25
2066,60561,52376,-26
2068,60575,52383,13
2036,60567,52387,47
2046,60559,52376,43
2116,60544,52378,-1
2106,60536,52374,18
2046,60525,52368,-24
2080,60543,52372,-22
2076,60549,52378,-30
2044,60566,52374,20
3412,60579,52385,45
3460,60592,52380,39
2244,60605,52388,-7
2214,60621,52401,5
1976,60638,52402,-34
1924,60645,52404,-8
1922,60660,52408,-19
2000,60676,52416,28
2008,60683,52414,28
2018,60692,52419,30
2064,60667,52417,-20
2053,60584,52383,-17
2040,60487,52347,-38
1986,60374,52313,-15
1988,60312,52291,-26
2024,60293,52286,33
1992,60303,52292,21
2000,60333,52307,38
2020,60356,52313,-22
2012,60388,52312,-7
2044,60428,52321,-47
2004,60449,52338,1
1734,60466,52350,-22
2056,60479,52356,1
2064,60486,52351,17
2072,60476,52356,30
2064,60464,52343,32
2064,60465,52341,-12
2096,60479,52346,-5
2028,60482,52354,1
2029,60504,52354,-2
2404,60521,52369,-41
2420,60535,52373,12
2396,60558,52373,22
1964,60573,52384,33
2076,60584,52381,21
1984,60608,52389,3
1932,60617,52396,-51
1940,60629,52395,-22
1841,60645,52405,-24
2000,60653,52410,16
1976,60620,52396,5
2000,60539,52364,44
1999,60419,52335,34
2008,60301,52287,-3
2068,60227,52264,-32
1988,60211,52263,-30
2044,60227,52274,-2
2026,60244,52282,31
2032,60272,52279,26
2012,60301,52301,29
2004,60324,52299,31
2092,60355,52311,-19
2008,60386,52320,-36
2028,60405,52331,-30
2056,60407,52339,10
2100,60408,52329,32
2106,60398,52326,36
2032,60410,52332,20
2060,60423,52346,36
2090,60443,52349,-25
2044,60465,52356,-43
2050,60501,52371,-39
