1936,226004,200186
1933,226162,200156
1956,226142,200354
1977,226230,200377
1976,226022,200238
2042,225875,200072
2022,225672,200019
2027,225425,200129
2011,225599,200140
2006,225886,199957
1987,225997,200092
2003,226191,200099
2007,226326,200241
2033,226440,200241
2034,226446,200363
2038,226807,200307
2035,226792,200418
2034,226844,200415
2069,227042,200341
2115,227137,200324
2126,226966,200460
2084,227020,200483
2079,227105,200406
2073,227100,200514
2064,227333,200379
2068,227475,200283
1976,227439,200476
3787,227360,200522
3710,227601,200583
2096,227722,200500
2073,227708,200571
1915,227927,200423
1914,227937,200505
1914,228002,200452
1960,227939,200510
1951,228118,200563
1959,228021,200573
2007,227598,200526
2006,227134,200225
2025,226929,200111
2017,226626,200099
2018,226697,199983
2026,226805,200172
2005,226839,200123
2018,227015,200146
2036,226954,200235
2028,227142,200155
2031,227269,200312
2036,227462,200206
2042,227620,200316
2071,227796,200239
2037,227839,200404
2042,227905,200408
2047,227898,200357
2046,228007,200342
2081,228040,200292
2056,227925,200444
2062,228105,200410
2099,228218,200397
2099,228231,200557
2120,228224,200477
2114,228356,200593
2113,228516,200449
2114,228545,200514
2083,228570,200458
2091,228521,200635
2013,228725,200572
2032,228622,200576
3629,228684,200539
2047,228715,200628
2031,228760,200579
1936,228844,200526
1906,229046,200657
1906,228970,200618
1941,228932,200567
1935,229015,200570
1961,228969,200642
1975,228713,200487
1975,228188,200289
2018,227795,200136
2007,227450,200186
2015,227649,200209
2004,227695,200230
1996,227875,200155
2013,228046,200198
2007,227989,200241
2013,227996,200218
2047,228155,200311
2040,228244,200272
2047,228423,200426
2034,228496,200334
2030,228687,200412
2065,228770,200381
2038,228659,200522
2036,228796,200335
2066,228773,200483
2066,228889,200332
2069,228979,200406
2054,228991,200388
2055,228948,200513
2129,229150,200325
2063,229215,200484
2071,229321,200473
2105,229303,200638
2095,229274,200477
2038,229482,200525
3055,229396,200498
3162,229550,200502
2357,229535,200585
1928,229636,200496
1929,229677,200460
1914,229666,200598
1911,229759,200445
1913,229706,200599
1915,229801,200416
1909,229821,200486
1951,229629,200426
1981,229365,200310
1985,228748,200344
1994,228563,199916
1997,228484,200050
2026,228394,200029
1994,228518,200205
1998,228471,200176
2045,228728,200130
2046,228700,200285
2052,228859,200275
2056,228905,200206
2054,229034,200316
2073,229344,200325
2069,229360,200302
2073,229341,200439
2101,229444,200413
2084,229443,200290
2096,229474,200315
2068,229417,200367
2067,229580,200325
2116,229466,200415
2107,229621,200392
2112,229760,200393
2110,229724,200446
2093,229797,200367
2099,229977,200355
2028,229866,200436
2019,229935,200529
3138,229925,200465
2394,230110,200483
2385,230027,200513
1975,230135,200441
1958,230150,200570
1969,230210,200421
1941,230082,200484
1947,230258,200500
1992,230224,200578
1979,230184,200438
1984,230007,200407
2023,229606,200289
2018,229013,200089
2041,228821,200040
2003,228729,200049
2003,228893,200022
2008,228835,200090
2003,229133,200095
2006,229156,200042
2005,229229,200129
2002,229346,200172
2041,229519,200222
2030,229675,200173
2030,229790,200197
2060,229810,200295
2038,229940,200155
2046,229843,200264
2033,229796,200288
2031,229939,200119
2073,229902,200102
2047,230005,200322
2058,229992,200226
2076,230116,200138
2093,229993,200341
2103,230167,200241
2058,230155,200182
2057,230255,200371
2089,230256,200299
1950,230292,200289
1959,230267,200323
3848,230360,200209
2239,230391,200337
2219,230370,200269
1916,230548,200317
1919,230437,200302
1927,230499,200318
1905,230506,200319
1914,230546,200274
1954,230627,200232
1989,230472,200273
1999,230178,200154
1976,229622,200088
1976,229235,199851
2029,228982,199761
1994,229051,199714
2001,229012,199822
1986,229297,199886
2029,229134,199873
2030,229311,199876
1990,229376,199945
1999,229677,199930
2029,229728,199935
2026,229878,199949
2041,229974,200089
2021,230105,199977
2013,230034,200094
2060,230053,200033
2044,230154,200126
2047,230127,200054
2058,230153,200058
2071,230245,200111
2079,230342,200074
2064,230281,200037
2062,230503,200105
2106,230496,200068
2067,230512,200032
2083,230617,200156
2080,230686,200215
2094,230754,200172
2095,230654,200182
2641,230740,200246
2733,230836,200112
2500,230844,200252
1951,230964,200125
1964,230894,200260
1925,230995,200146
1940,230981,200199
1945,230890,200193
1939,231015,200186
1941,231061,200217
1991,230905,200182
2010,230621,200034
2015,230144,199917
2028,229635,199730
2042,229644,199790
2048,229610,199844
1992,229717,199833
1995,229884,199836
2021,230035,199807
2019,230105,199839
2025,230168,199851
2035,230154,199870
2047,230254,199945
2051,230341,200040
2039,230544,199989
2047,230571,200015
2046,230655,199980
2076,230683,200106
2083,230616,199948
2047,230593,199980
2047,230699,200017
2084,230684,199946
2066,230794,200078
2073,230832,200090
2114,230973,199963
2094,230823,200106
2097,230984,200022
2072,230960,200201
2075,231089,200068
2100,231036,200087
2800,231002,200100
2911,231163,200056
2431,231205,200025
1978,231166,200098
1979,231286,200019
1897,231238,200049
1896,231225,200105
1970,231349,200067
1955,231387,200077
1966,231212,200190
1966,231200,200078
2021,230940,199945
2026,230610,199845
2012,230106,199760
2013,229932,199563
2030,229921,199573
1999,229998,199642
1997,230126,199691
1986,230229,199725
2019,230368,199755
2023,230316,199737
2001,230534,199727
2007,230602,199874
2039,230682,199879
2035,230716,199869
2037,230871,199884
2025,230870,199860
2053,230744,199898
2054,230898,199836
2047,230940,199852
2062,230952,199882
2057,230973,199860
2074,231100,199826
2079,231039,199909
2047,231145,199891
2047,231137,199913
2084,231286,199942
2022,231088,199866
2020,231335,199885
2906,231300,199898
2438,231290,199947
2425,231418,199894
1931,231395,199877
1931,231444,199972
1936,231458,199973
1909,231474,199944
1919,231493,199986
1940,231499,199949
1975,231445,199962
1979,231313,199927
1977,230875,199845
1982,230394,199581
2014,230121,199594
2008,230088,199413
2016,230109,199522
1977,230247,199482
1995,230308,199595
2000,230446,199529
1992,230488,199614
1997,230575,199661
2015,230763,199666
2036,230800,199678
2041,230933,199742
2035,230941,199707
2047,231025,199735
2057,231005,199650
2027,231050,199683
2028,231073,199716
2062,231051,199656
2076,231114,199637
2080,231202,199776
2062,231128,199717
2094,231394,199687
2094,231308,199783
2064,231480,199667
2075,231433,199797
2074,231461,199719
1968,231552,199604
1968,231525,199716
3818,231595,199790
3875,231578,199753
2217,231579,199666
1929,231612,199707
1929,231660,199744
1895,231677,199695
1939,231686,199829
1944,231637,199701
1940,231743,199756
1946,231765,199712
1981,231449,199633
2027,230949,199415
2030,230432,199389
2025,230196,199229
2037,230211,199263
2041,230237,199288
1983,230420,199389
1994,230439,199318
2006,230605,199354
2032,230711,199445
2038,230731,199418
2002,230919,199395
2036,230997,199472
2031,231124,199480
2040,231138,199510
2042,231260,199497
2056,231222,199512
2068,231286,199416
2075,231194,199474
2047,231238,199465
2092,231342,199512
2103,231324,199525
2096,231418,199468
2103,231465,199529
2081,231538,199489
2105,231556,199564
2108,231563,199575
1963,231620,199564
3866,231633,199647
3855,231644,199578
2158,231604,199571
2143,231749,199518
1925,231700,199529
1958,231687,199593
1961,231736,199593
1948,231794,199514
1950,231906,199544
1988,231852,199518
2023,231687,199605
2029,231320,199369
2042,230752,199287
2074,230541,199183
2076,230252,199144
2015,230323,199068
2019,230445,199085
2021,230531,199087
2031,230744,199250
2034,230807,199258
2025,230872,199279
2047,230817,199197
2047,231090,199289
2029,231256,199322
2037,231379,199355
2044,231411,199385
2070,231410,199220
2081,231485,199412
2036,231452,199345
2079,231471,199414
2077,231507,199382
2047,231516,199335
2047,231650,199473
2083,231701,199370
2103,231647,199418
2111,231695,199328
2072,231746,199405
2065,231773,199464
2052,231793,199475
2932,231924,199340
3041,231874,199481
2390,231929,199346
1987,231916,199424
1983,231979,199449
1912,232014,199360
1933,231908,199380
1926,232043,199338
1968,232046,199482
1975,232162,199398
1957,232017,199466
2032,231700,199272
2039,231179,199190
2029,230689,199066
2035,230493,198929
2042,230604,198902
1999,230645,199018
2012,230758,199079
1969,230944,198957
1998,231003,199176
1997,230987,199086
2004,231101,199165
2007,231175,199131
2025,231361,199170
2047,231435,199269
2055,231522,199166
2060,231434,199211
2069,231561,199191
2061,231570,199227
2082,231452,199247
2088,231551,199197
2065,231537,199260
2100,231627,199204
2107,231779,199228
2079,231691,199254
1983,231718,199189
1975,231771,199241
3526,231882,199296
3610,231899,199212
2335,231907,199318
1956,231893,199248
1958,231971,199181
1914,231927,199305
1960,232095,199260
1959,232034,199298
1988,232046,199289
1997,232136,199265
1999,231956,199217
2035,231485,199127
2032,231019,199012
2030,230632,198888
2007,230547,198865
2002,230548,198879
2012,230743,198735
2023,230761,198872
1989,230916,198908
2030,230948,198886
2031,231069,198990
2022,231194,198947
2028,231407,198977
2040,231497,199098
2047,231519,199028
2052,231638,199063
2030,231576,199066
2070,231608,199111
2077,231634,199046
2068,231634,199061
2079,231773,199155
2047,231806,199197
2092,231711,199066
2093,231851,199096
1960,232055,199171
3592,231955,199169
3669,231966,199164
2282,232013,199098
2263,232135,199216
1907,232085,199206
1937,232143,199227
1935,232080,199184
1919,232195,199250
1954,232196,199169
1951,232239,199290
1994,232204,199174
1996,231862,199077
2017,231282,198936
2057,230854,198627
2058,230730,198818
2001,230584,198702
1968,230781,198695
1969,230852,198796
2036,230903,198780
2039,231036,198810
2001,231156,198850
2042,231223,198851
2039,231317,198957
2029,231468,198992
2036,231589,199023
2036,231577,199002
2072,231630,198959
2075,231560,199066
2053,231639,198855
2090,231669,199049
2085,231650,198996
2090,231633,198993
2095,231775,199004
2078,231722,198946
2105,231946,198984
2103,231945,199037
2004,232072,199085
3245,231926,199078
3352,232000,199062
2343,232089,198979
2335,232121,198989
1935,232177,199099
1929,232194,199172
1927,232117,199072
1915,232331,199098
1940,232280,199172
1938,232301,199118
1999,232204,199036
1999,231655,198832
2006,231188,198799
2056,230750,198616
2056,230503,198649
2013,230631,198560
1993,230657,198684
1994,230644,198579
2036,230794,198638
2035,230847,198718
2024,230774,198672
2042,230971,198710
2036,231082,198685
2038,231108,198821
2040,231321,198786
2038,231429,198927
2075,231519,198836
2078,231554,198846
2061,231521,198933
2066,231536,198870
2068,231551,198809
2074,231703,198886
2062,231786,198892
2070,231809,198916
2114,231871,198946
2123,231970,198921
2102,231908,199047
2112,232028,199016
2115,232086,199051
2103,232210,198993
2103,232198,199041
1963,232160,199034
3929,232270,199077
3908,232278,199049
2164,232324,199089
1929,232313,199047
1924,232335,198995
1946,232403,199006
1956,232423,199039
1942,232452,199115
1990,232480,199101
1985,232417,198983
2010,232078,199008
2042,231523,198758
2040,231020,198718
2070,230724,198586
2075,230850,198530
2026,230829,198559
2039,230898,198556
2040,230863,198614
2041,231017,198473
2032,231062,198719
2034,231141,198691
2071,231111,198615
2072,231346,198641
2044,231442,198825
2072,231452,198780
2070,231565,198755
2072,231639,198711
2062,231676,198803
2070,231632,198798
2104,231648,198821
2103,231600,198744
2084,231686,198752
2110,231770,198770
2111,231764,198796
2118,231864,198819
2097,232313,199047
2100,231997,198777
2138,231975,198713
2139,232074,198856
2104,232045,198892
2000,232073,198800
2003,232147,198769
3682,232262,198829
3763,232138,198948
2284,232208,198791
1965,232340,198874
1971,232359,198904
1919,232466,198908
1955,232407,198808
1957,232395,198811
1986,232352,198860
1997,232436,198865
1987,232125,198697
2026,231651,198545
2032,231079,198411
2039,230772,198370
2025,230797,198277
2023,230597,198343
2021,230781,198310
2023,230797,198367
1986,230776,198329
2015,230724,198361
2015,230900,198321
2026,230943,198418
2039,231070,198405
2039,231163,198418
2067,231225,198460
2063,231339,198466
2015,231390,198372
2045,231411,198564
2047,231414,198500
2064,231444,198467
2056,231435,198516
2062,231509,198574
2114,231605,198588
2111,231630,198523
2065,231833,198608
2070,231780,198522
2065,231809,198633
2106,231869,198598
2382,231875,198639
2453,232001,198615
2666,232108,198609
2611,232130,198596
1976,232236,198690
1928,232268,198645
1921,232206,198741
1943,232353,198723
1950,232367,198699
1964,232382,198813
1990,232340,198772
1983,232316,198789
2029,231950,198725
2031,231327,198461
2033,231052,198240
2037,230937,198320
2039,230935,198341
1997,230870,198337
2012,230903,198287
2007,231040,198349
1994,231097,198391
2008,231158,198384
2003,231152,198416
2084,231369,198409
2083,231439,198399
2047,231625,198431
2044,231689,198482
2037,231792,198592
2056,231755,198540
2064,231765,198552
2062,231896,198548
2140,231788,198539
2132,231969,198575
2053,232102,198635
2080,232137,198649
2081,232112,198558
2074,232108,198665
2087,232333,198710
2125,232342,198642
3225,232362,198645
3129,232414,198722
2041,232434,198642
1928,232522,198761
1912,232499,198784
1950,232447,198703
1948,232583,198653
1948,232597,198792
1972,232583,198724
1969,232467,198640
2007,232120,198468
2029,231641,198474
2024,231135,198302
2056,230975,198102
2055,230863,198188
1990,230916,198252
2000,230923,198256
1995,230952,198231
1998,231121,198294
1992,231126,198368
1997,231200,198314
2047,231229,198370
2053,231496,198461
2030,231708,198471
2047,231777,198404
2046,231842,198440
2071,231849,198484
2056,231758,198293
2056,231823,198458
2116,231859,198459
2125,231978,198505
2082,232103,198472
2085,232073,198425
2081,232218,198533
2106,232185,198557
1971,232275,198682
1967,232356,198575
3786,232435,198584
3874,232385,198556
2280,232434,198633
1927,232448,198544
1920,232595,198611
1941,232531,198611
1913,232636,198693
1914,232692,198630
1972,232656,198630
1967,232674,198745
1983,232436,198526
2023,231833,198411
2024,231429,198307
2058,231146,198146
2007,230952,198226
2014,231051,198172
2014,231017,198185
2011,231196,198247
2012,231114,198276
2024,231177,198280
2029,231286,198256
2079,231311,198289
2037,231437,198307
2045,231672,198347
2067,231824,198349
2069,231945,198435
2079,231910,198447
2054,232015,198446
2060,232053,198482
2096,231925,198484
2095,232160,198477
2080,232175,198531
2109,232268,198561
2106,232347,198509
2093,232500,198567
2085,232507,198554
2091,232476,198669
2116,232576,198714
2116,232636,198684
2101,232755,198636
2054,232660,198633
2041,232712,198635
3165,232789,198734
2364,232737,198691
2346,232907,198679
1966,232892,198687
1965,232856,198693
1932,232956,198657
1927,232915,198692
1926,232943,198628
1977,233031,198676
1978,233027,198701
1983,232670,198601
2039,232122,198452
2031,231476,198310
2047,231301,198205
2024,231237,198195
2023,231214,198167
2026,231373,198339
2013,231390,198243
2021,231427,198297
2045,231511,198306
2039,231520,198254
2047,231501,198330
2044,231668,198247
2042,231881,198433
2074,231989,198415
2068,232135,198491
2083,232209,198413
2074,232285,198470
2073,232197,198436
2091,232210,198464
2075,232340,198555
2086,232504,198547
2110,232502,198594
2106,232610,198562
2089,232660,198580
2105,232674,198596
2101,232760,198654
2104,232762,198605
2068,232885,198699
2073,232959,198619
2036,233041,198696
2023,233066,198746
3381,233082,198716
2332,233075,198724
2316,233143,198736
1954,233183,198752
1898,233188,198698
1907,233172,198708
1931,233258,198708
1928,233340,198749
1960,233277,198769
1972,233272,198864
1979,232954,198595
2030,232397,198376
2031,231834,198446
2033,231586,198232
2031,231613,198295
2023,231577,198283
1995,231598,198289
1990,231691,198319
1991,231774,198355
2021,231900,198395
2006,231961,198373
2015,231991,198394
2030,232242,198455
2021,232397,198508
2042,232595,198516
2026,232485,198562
2028,232610,198550
2076,232634,198468
2041,232623,198534
2047,232660,198578
2087,232762,198557
2083,232861,198594
2113,232910,198614
2066,232879,198660
2067,232925,198599
2108,233042,198621
2078,233048,198654
2073,233120,198614
2517,233106,198694
2601,233230,198670
2580,233204,198722
1951,233280,198677
1951,233256,198727
1945,233338,198750
1942,233282,198705
1924,233386,198825
1940,233402,198652
1938,233399,198772
1990,233261,198640
1999,233087,198605
2005,232516,198529
2047,232070,198319
2047,231784,198171
2018,231675,198237
1975,231708,198150
1968,231935,198327
2011,231945,198223
1989,231946,198387
1989,231953,198346
2017,232151,198383
2011,232294,198414
2042,232337,198347
2019,232645,198469
2028,232682,198454
2047,232741,198575
2033,232814,198485
2038,232696,198457
2046,232726,198602
2040,232788,198496
2060,232838,198566
2055,232819,198555
2066,232989,198610
2098,232988,198603
2064,233046,198568
2068,233141,198644
2078,233221,198593
2071,233196,198602
1990,233228,198649
3734,233312,198701
3820,233341,198716
2274,233255,198725
1930,233398,198616
1933,233444,198754
1919,233435,198684
1919,233559,198649
1950,233502,198685
1937,233520,198709
1941,233617,198763
2007,233358,198707
2001,232927,198531
2028,232380,198360
2034,231928,198196
2038,231938,198179
2047,231914,198282
1994,231906,198222
2000,231918,198285
2025,232056,198360
2018,232052,198344
2040,232101,198357
2034,232250,198323
2031,232297,198393
2064,232530,198453
2054,232664,198470
2058,232762,198507
2047,232747,198540
2047,232871,198463
2089,232855,198499
2058,232875,198559
2060,232890,198554
2078,232960,198635
2075,233032,198537
2085,233065,198552
2106,233107,198591
2097,233123,198675
2112,233291,198650
2072,233202,198635
2072,233332,198649
2110,233373,198635
2426,233475,198741
2518,233476,198715
2650,233412,198696
2572,233492,198703
1974,233548,198655
1914,233498,198653
1912,233659,198779
1954,233668,198695
1957,233750,198771
1963,233678,198743
1963,233707,198777
1967,233503,198698
2045,233095,198543
2036,232490,198348
2044,232109,198278
2056,232152,198279
2047,232114,198239
2015,232245,198332
2003,232276,198342
2005,232389,198384
2047,232487,198486
2032,232484,198358
2042,232601,198361
2037,232728,198401
2031,232864,198445
2046,232940,198450
2029,233091,198466
2025,233097,198504
2070,233057,198488
2044,233006,198569
2054,233097,198495
2056,233121,198565
2055,233213,198483
2104,233219,198572
2098,233286,198598
2100,233442,198576
2115,233470,198629
2095,233503,198608
2108,233587,198622
2079,233628,198617
2076,233613,198625
2220,233679,198673
2995,233618,198591
2910,233777,198725
2034,233703,198712
1925,233690,198681
1935,233824,198630
1931,233712,198686
1929,233813,198703
1970,233854,198663
1964,233883,198775
1975,233839,198702
2036,233450,198642
2056,232929,198438
2064,232458,198306
2020,232351,198247
2024,232283,198263
2018,232367,198305
1994,232506,198279
2005,232571,198312
2017,232597,198367
2006,232785,198380
2030,232822,198423
2030,232996,198464
2027,233156,198501
2064,233280,198488
2023,233341,198572
2037,233393,198540
2066,233379,198501
2060,233338,198492
2060,233377,198510
2062,233352,198569
2066,233391,198516
2143,233474,198579
2092,233518,198573
2096,233550,198663
2063,233598,198538
2056,233714,198602
2098,233690,198646
1963,233671,198650
1988,233741,198609
3829,233770,198623
2120,233774,198664
2100,233880,198622
1908,233841,198703
1898,233892,198622
1928,233895,198614
1915,233959,198737
1919,233935,198705
1964,234039,198635
2010,233977,198615
2019,233612,198577
2033,233132,198372
2031,232748,198308
2069,232471,198209
1996,232468,198179
1997,232470,198195
2004,232548,198248
2017,232704,198274
2028,232805,198279
2021,232775,198262
2015,232928,198340
2057,233047,198383
2036,233227,198458
2043,233286,198483
2056,233307,198462
2047,233352,198530
2068,233405,198542
2047,233440,198422
2047,233477,198463
2092,233476,198568
2065,233460,198422
2077,233536,198497
2079,233558,198532
2084,233641,198523
2149,233637,198568
2093,233760,198595
2095,233818,198580
2117,233891,198576
2097,233852,198666
2105,233895,198596
1971,233867,198779
1973,233999,198668
3942,234001,198685
2128,233961,198647
2108,234086,198659
1923,233986,198693
1924,234140,198714
1927,234165,198756
1939,234176,198684
1933,234232,198699
1991,234191,198754
1981,234104,198770
1991,233596,198600
2042,233073,198436
2056,232659,198208
2057,232465,198254
2009,232461,198311
2012,232601,198281
2021,232697,198268
2018,232676,198351
2027,232818,198343
2032,232853,198332
2047,232958,198355
2056,233038,198407
2043,233291,198505
2047,233451,198455
2078,233459,198538
2047,233493,198577
2057,233551,198556
2090,233441,198517
2078,233521,198560
2087,233633,198563
2060,233663,198524
2067,233771,198580
2110,233718,198523
2127,233787,198699
2130,233840,198690
2081,233832,198686
2082,233889,198692
2102,233983,198651
2075,234020,198697
2081,234002,198640
2141,234162,198769
3236,234144,198663
3144,234170,198702
2014,234150,198719
1999,234167,198730
1919,234153,198697
1887,234216,198716
1893,234232,198725
1957,234226,198723
1963,234305,198714
1970,234172,198691
1994,233960,198622
1988,233419,198458
2060,232775,198285
2017,232514,198223
2024,232507,198224
2028,232513,198155
1977,232642,198264
1992,232622,198221
2015,232724,198254
2019,232715,198227
2039,232842,198267
2013,232880,198379
2029,233048,198336
2024,233328,198406
2056,233461,198412
2060,233438,198515
2025,233469,198452
2027,233519,198486
2068,233519,198570
2047,233557,198520
2065,233639,198520
2074,233642,198491
2069,233782,198531
2111,233838,198520
2056,233899,198531
2056,233898,198545
2088,233963,198616
2080,234056,198653
2082,233988,198642
2542,234099,198548
2623,234117,198630
2549,234165,198641
1939,234045,198609
1936,234114,198678
1948,234148,198608
1934,234197,198683
1941,234145,198644
1945,234314,198645
1946,234302,198711
2019,234297,198679
2004,233903,198465
2009,233331,198345
2060,232762,198164
2047,232572,198203
2053,232528,198165
1985,232622,198195
1983,232653,198138
2025,232747,198244
2008,232692,198208
2013,232821,198257
2034,232883,198239
2047,232972,198199
2059,233194,198362
2034,233325,198332
2033,233455,198435
2066,233522,198399
2058,233534,198524
2068,233514,198353
2053,233460,198459
2046,233444,198447
2087,233526,198431
2054,233595,198440
2057,233692,198380
2090,233557,198404
2107,233715,198483
2122,233816,198487
2085,233870,198510
2084,233861,198491
2095,233938,198514
1983,234030,198482
1978,234037,198541
3492,234107,198581
2298,234077,198523
2292,234109,198559
1922,234181,198499
1910,234184,198573
1946,234249,198529
1901,234228,198608
1913,234351,198594
1951,234361,198640
1979,234244,198618
1987,234003,198526
2010,233374,198320
2007,232839,198150
2064,232666,198078
2002,232489,198017
2018,232526,198049
1978,232513,198019
2015,232660,198188
2022,232679,198138
1998,232700,198191
1994,232762,198185
2032,232833,198152
2004,232965,198240
2015,233112,198276
2046,233310,198308
2066,233473,198346
2068,233459,198404
2034,233483,198419
2042,233465,198372
2082,233524,198395
2070,233564,198419
2079,233650,198412
2068,233714,198434
2063,233774,198444
2077,233868,198405
2078,233906,198502
2086,233918,198500
2092,234003,198576
2085,234001,198526
2097,234096,198546
2043,234129,198554
2026,234260,198539
2948,234228,198600
2356,234268,198592
2340,234314,198601
1957,234218,198621
1932,234350,198586
1933,234372,198702
1912,234434,198649
1915,234453,198712
1972,234437,198602
1972,234400,198638
1979,234151,198570
2027,233562,198376
2064,232930,198206
2075,232792,198154
2026,232711,198100
2021,232719,198143
2018,232794,198163
2000,232924,198214
2008,232782,198211
2031,232920,198177
2042,232907,198266
2047,233026,198275
2025,233187,198291
2030,233354,198346
2065,233521,198447
2039,233590,198448
2048,233637,198403
2045,233653,198416
2081,233749,198453
2083,233747,198430
2060,233793,198446
2063,233885,198500
2090,233958,198421
2067,234029,198482
2075,234065,198515
2114,234144,198528
2111,234203,198505
2111,234188,198513
2069,234307,198517
2065,234299,198552
2123,234358,198635
2521,234394,198649
2614,234371,198596
2559,234449,198599
2518,234438,198657
1983,234446,198573
1924,234483,198682
1927,234505,198630
1941,234567,198646
1970,234673,198701
1977,234628,198719
1960,234591,198695
1963,234460,198578
2042,233852,198427
2031,233216,198309
2038,232934,198123
2064,232863,198150
2031,232861,198134
2032,232963,198192
1976,232977,198222
1977,233140,198158
2042,233213,198220
2003,233213,198203
2020,233264,198271
2041,233450,198383
2045,233637,198381
2048,233825,198470
2021,233851,198381
2018,233920,198368
2070,233782,198405
2047,233880,198432
2057,233888,198407
2047,233936,198487
2106,233976,198439
2124,234047,198426
2076,234090,198529
2076,234110,198462
2086,234187,198552
2080,234263,198478
2082,234259,198542
1958,234305,198508
3806,234320,198552
3770,234367,198523
2144,234372,198491
2127,234409,198488
1946,234457,198495
1922,234399,198547
1936,234577,198531
1926,234557,198558
1923,234556,198575
1986,234570,198603
1994,234515,198491
2001,234110,198486
2056,233485,198293
2043,233069,198155
2051,232921,198026
1986,232900,198115
1981,232878,198105
2018,233035,198049
1988,233047,198140
1988,233093,198197
2024,233088,198157
2036,233149,198132
2044,233254,198154
2027,233424,198211
2023,233691,198217
2061,233606,198236
2043,233670,198307
2052,233701,198304
2060,233760,198317
2064,233667,198304
2079,233841,198361
2065,233867,198320
2064,233906,198332
2130,234094,198393
2076,234092,198332
2080,234156,198380
2079,234186,198393
2114,234235,198361
2120,234174,198405
2211,234274,198484
2267,234281,198466
2975,234330,198391
1973,234345,198387
1975,234372,198416
1903,234412,198431
1941,234482,198435
1948,234505,198567
1941,234416,198428
1941,234575,198428
1986,234573,198546
2018,234252,198380
2031,233742,198250
2041,233065,198123
2042,232831,198028
2068,232777,197884
1993,232798,197980
1996,232801,197963
2020,232776,197982
2014,232737,197982
2027,232830,197978
2012,232817,197997
2015,232958,197991
2047,233027,198028
2027,233286,198031
2034,233474,198134
2060,233561,198153
2072,233671,198236
2083,233583,198239
2053,233621,198233
2053,233689,198199
2076,233778,198227
2072,233862,198242
2083,233886,198262
2078,233983,198298
2120,234035,198272
2130,234084,198352
2082,234154,198319
2083,234174,198404
2125,234263,198415
2101,234189,198411
2109,234280,198350
2500,234354,198343
2638,234394,198424
2584,234379,198326
1958,234452,198392
1956,234380,198331
1947,234461,198385
1948,234485,198421
1958,234499,198480
1951,234595,198420
2020,232737,197982
2016,234418,198406
2034,233984,198214
2039,233332,198125
2085,232876,197810
2065,232805,197872
2075,232776,197924
1998,232709,197942
1995,232884,197918
2047,232851,197942
2014,232844,197960
2024,232879,197958
2047,232950,197993
2035,232952,197972
2045,233238,198028
2020,233418,197995
2024,233521,198162
2068,233564,198145
2066,233560,198124
2073,233609,198175
2086,233640,198171
2088,233707,198128
2088,233756,198174
2069,233885,198175
2071,233910,198284
2105,234008,198159
2102,234118,198327
2118,234104,198269
2102,234151,198292
2115,234204,198354
2121,234268,198319
2076,234348,198316
2079,234408,198339
2005,234412,198376
3860,234405,198395
3846,234424,198352
2164,234445,198403
1962,234518,198453
1963,234623,198446
1921,234584,198452
1929,234571,198437
1973,234699,198424
1965,234743,198446
1968,234699,198433
2015,234529,198448
2062,233985,198275
2067,233342,198035
2047,232909,197940
2047,232905,197901
2030,232958,197963
2010,233030,197931
2023,233079,198063
2001,233131,198008
1998,233094,198013
2044,233172,197968
2036,233335,198041
2038,233388,198119
2047,233577,198059
2064,233799,198178
2073,233873,198190
2042,233913,198305
2043,233889,198280
2076,233918,198220
2047,234023,198180
2061,234002,198277
2067,234055,198233
2119,234153,198271
2128,234161,198221
2110,234208,198285
2106,234265,198325
2111,234307,198270
2092,234335,198354
2105,234454,198336
1977,234451,198357
3701,234556,198360
3766,234551,198379
2278,234477,198327
2251,234571,198443
1966,234571,198350
1938,234583,198420
1944,234630,198385
1941,234690,198432
1979,234685,198407
1986,234732,198405
1988,234660,198407
1991,234194,198243
2055,233638,198078
2072,233138,197903
2077,233011,197932
2010,233016,197915
2022,233004,197912
2022,233169,197966
1996,233255,197979
1997,233223,198026
2027,233336,198027
2054,233345,198006
2057,233536,198042
2022,233764,198211
2023,233907,198169
2062,234068,198198
2030,234021,198192
2037,234086,198218
2053,234070,198210
2074,234102,198177
2080,234158,198232
2045,234203,198258
2053,234197,198324
2095,234313,198299
2059,234466,198292
2067,234524,198275
2094,234508,198324
2097,234546,198351
2098,234601,198345
2088,234621,198405
2088,234699,198329
2074,234744,198388
2991,234685,198309
3106,234731,198371
2377,234752,198394
1965,234775,198408
1972,234888,198451
1924,234945,198346
1919,234935,198451
1939,234936,198439
1933,234992,198435
1941,235074,198458
1978,234887,198353
2040,234618,198383
2047,234020,198128
2053,233464,197976
2056,233229,197966
2034,233298,197932
1996,233400,197989
2007,233510,198027
1975,233500,198044
2028,233641,198020
2030,233649,198098
1999,233679,198058
2003,233751,198079
2015,233946,198144
2033,234128,198171
2042,234229,198252
2020,234250,198237
2026,234336,198228
2070,234336,198243
2042,234328,198312
2048,234391,198230
2070,234440,198272
2079,234480,198206
2083,234547,198267
2046,234570,198284
2052,234641,198324
2118,234689,198335
2094,234726,198313
2102,234813,198380
2078,234829,198334
2112,234905,198430
2116,234884,198415
1975,234994,198407
1971,234940,198503
3634,235020,198496
2265,235043,198397
2261,235108,198522
1932,235091,198411
1961,235188,198435
1965,235149,198494
1932,235215,198467
1929,235269,198590
1979,235225,198449
1997,235239,198515
2006,234896,198413
2043,234453,198253
2068,233861,198041
2074,233652,198057
2001,233581,198053
2007,233651,198022
1995,233757,198057
2018,233829,198122
2021,233853,198077
2007,233951,198151
2047,233966,198146
2044,234061,198152
2024,234253,198156
2024,234345,198244
2046,234488,198272
2065,234504,198303
2078,234572,198249
2057,234541,198319
2060,234568,198288
2081,234578,198315
2073,234606,198220
2085,234645,198336
2082,234756,198296
2137,234765,198447
2154,234794,198343
2100,234916,198347
2111,234911,198380
2123,234964,198452
2099,235006,198365
2115,235051,198462
2007,235107,198377
3790,235108,198445
3846,235156,198341
2245,235202,198393
2222,235164,198469
1971,235219,198448
1947,235196,198368
1961,235280,198437
1953,235349,198418
1993,235339,198474
1992,235346,198522
2004,235325,198503
2007,234909,198334
2059,234403,198157
2077,233976,198038
2084,233800,198014
2018,233719,197925
2032,233806,198070
2039,233887,198057
2012,234002,198028
2020,234076,198071
2034,234169,198112
2046,234170,198149
2052,234312,198180
2035,234487,198218
2089,234669,198260
2089,234644,198242
2060,234737,198203
2069,234685,198277
2082,234699,198289
2080,234733,198303
2088,234759,198322
2076,234742,198278
2075,234832,198269
2159,234931,198285
2097,234966,198368
2106,235082,198317
2100,235086,198409
2113,235134,198284
2119,235240,198389
1978,235282,198338
1996,235238,198405
3807,235283,198409
2146,235244,198359
2138,235308,198416
1953,235295,198415
1967,235268,198422
1976,235361,198390
1940,235430,198351
1946,235407,198390
2000,235425,198456
2024,235302,198376
2030,234979,198274
2044,234398,198178
2093,234010,197978
2093,233780,197930
2015,233822,197934
2019,233890,197981
2019,233982,198020
2024,234073,198068
2031,234083,198070
2029,234141,198135
2061,234184,198063
2058,234378,198093
2045,234489,198142
2052,234687,198203
2060,234732,198156
2080,234749,198193
2088,234785,198209
2064,234674,198287
2092,234752,198241
2092,234789,198245
2062,234898,198396
2069,235000,198300
2078,235013,198283
2126,235074,198324
2137,235180,198319
2093,235181,198290
2094,235157,198393
2108,235264,198370
2101,235296,198291
2107,235327,198367
1962,235382,198398
3889,235398,198389
3945,235474,198446
2210,235452,198406
2196,235521,198467
1951,235561,198413
1925,235524,198348
1930,235632,198412
1940,235615,198457
1978,235571,198437
1976,235596,198475
1982,235454,198323
1989,235079,198342
2047,234507,198134
2068,234083,197999
2077,233942,197927
2027,233937,197960
2014,234125,197926
2017,234126,198045
2011,234201,198126
2012,234306,198056
2035,234320,198061
2047,234416,198041
2054,234457,198182
2023,234671,198100
2056,234793,198159
2060,234852,198166
2047,234845,198264
2055,234873,198197
2062,234861,198218
2088,234914,198191
2092,234962,198212
2067,235074,198298
2082,235013,198290
2084,235129,198297
2087,235172,198261
2093,235248,198332
2118,235297,198328
2124,235301,198357
2128,235325,198283
2082,235425,198368
2083,235440,198384
2125,235467,198423
1979,235455,198351
1987,235524,198402
3883,235507,198384
2227,235535,198500
2216,235517,198383
1951,235577,198395
1943,235588,198434
1957,235629,198460
1972,235645,198413
1978,235736,198408
1957,235696,198480
2039,235576,198473
2041,235368,198378
2038,234788,198143
2046,234358,198071
2078,234181,197972
2039,234125,197984
2042,234218,198071
2002,234386,198047
2047,234417,198133
2058,234503,198112
2036,234532,198068
2037,234625,198131
2034,234726,198197
2061,234811,198187
2066,235046,198217
2036,235101,198140
2070,235170,198214
2073,235114,198269
2061,235093,198323
2065,235129,198261
2082,235155,198226
2106,235213,198283
2115,235233,198291
2058,235285,198369
2100,235352,198250
2102,235397,198388
2097,235495,198315
2107,235462,198349
2093,235526,198417
2122,235563,198368
2129,235599,198412
2064,235546,198405
2422,235633,198483
2488,235628,198380
2658,235718,198401
2601,235683,198445
1974,235770,198406
1962,235745,198430
1967,235781,198444
1939,235817,198528
1936,235852,198447
1975,235852,198423
1996,235835,198486
2003,235743,198476
2010,235478,198341
2069,234918,198203
2070,234471,197996
2038,234332,198096
2045,234312,198015
2015,234513,198028
2002,234656,198087
2012,234708,198127
1982,234695,198182
2047,234801,198145
2047,234881,198224
2039,234950,198193
2039,235126,198267
2041,235258,198262
2058,235276,198266
2069,235289,198320
2040,235233,198307
2071,235269,198212
2067,235311,198341
2076,235301,198315
2079,235321,198316
2070,235373,198375
2115,235446,198409
2122,235473,198357
2070,235577,198343
2097,235581,198376
2095,235612,198380
2039,235699,198373
2034,235702,198433
3051,235751,198423
2430,235709,198356
2422,235819,198448
1928,235706,198408
1942,235801,198363
1936,235879,198454
1946,235883,198437
1953,235933,198487
1949,235913,198473
2019,235914,198398
2019,235773,198370
2023,235515,198311
2029,234943,198146
2072,234595,198029
2047,234441,198032
2061,234559,198071
1986,234641,198169
2027,234685,198080
2031,234836,198107
2007,234876,198162
2019,234903,198132
2031,234966,198140
2068,235095,198176
2078,235242,198261
2045,235377,198233
2076,235416,198216
2072,235376,198295
2047,235372,198263
2057,235349,198280
2066,235425,198240
2088,235428,198268
2093,235517,198319
2064,235488,198321
2155,235618,198368
2146,235606,198364
2120,235715,198353
2121,235681,198376
2099,235662,198395
2105,235716,198417
2111,235784,198368
1965,235817,198360
3894,235765,198391
3816,235892,198400
2128,235874,198394
2113,235906,198428
1919,235958,198378
1958,235932,198440
1956,235926,198399
1918,236038,198399
1969,236036,198458
1966,235994,198440
1998,235778,198423
2010,235453,198266
2039,234915,198076
2072,234596,198098
2067,234481,197994
2024,234542,197869
2017,234581,198005
2013,234715,198035
2034,234682,198145
2038,234802,198072
2004,234867,198055
2064,234895,198182
2064,235025,198153
2028,235239,198178
2035,235252,198138
2045,235328,198293
2076,235345,198203
2086,235374,198171
2047,235386,198192
2089,235350,198154
2092,235394,198255
2090,235484,198197
2097,235492,198272
2058,235553,198228
2104,235630,198262
2112,235632,198279
2083,235676,198274
2111,235718,198252
2104,235770,198321
2106,235838,198345
2114,235841,198341
2014,235849,198332
3476,235939,198301
3582,235887,198344
2288,235858,198317
1954,235898,198315
1956,235927,198314
1946,235938,198264
1951,235899,198282
1934,236004,198393
1990,236054,198282
1992,236022,198339
1976,235951,198355
2046,235524,198272
2054,235093,198048
2085,234716,197958
2092,234538,197879
2033,234560,197913
2025,234686,198023
2033,234742,197923
2010,234903,197974
2038,234758,197976
2038,234900,198017
2044,235002,198095
2047,235047,198069
2023,235120,198022
2060,235365,198168
2062,235369,198175
2040,235461,198108
2046,235371,198171
2063,235387,198141
2093,235413,198216
2096,235480,198166
2062,235522,198255
2104,235518,198202
2106,235607,198245
2088,235643,198204
2095,235761,198235
2108,235714,198304
2130,235734,198216
2135,235840,198269
2073,235763,198290
2104,235781,198220
2104,235875,198287
1985,235843,198287
1988,235917,198301
3682,235978,198254
2284,235975,198290
2268,235964,198296
1940,235946,198315
1936,236050,198358
1930,236079,198271
1943,236106,198281
1940,236151,198350
1960,236050,198316
2017,236093,198320
2021,235792,198245
2022,235321,198082
2081,234866,198020
2076,234619,197913
2028,234625,197918
2039,234713,197936
1983,234908,197966
2032,234967,197997
2031,234938,198008
2018,234940,197952
2014,235039,197975
2010,235170,198072
2057,235294,198072
2064,235415,198104
2036,235484,198122
2075,235555,198101
2078,235483,198178
2036,235508,198079
2040,235522,198163
2057,235535,198115
2091,235658,198185
2099,235644,198196
2056,235598,198208
2120,235682,198174
2127,235734,198173
2099,235811,198180
2107,235894,198258
2074,235888,198274
2099,235867,198262
2099,235966,198315
1963,235898,198240
3839,235984,198254
3870,236000,198274
2230,235911,198267
2212,236036,198250
1921,236115,198250
1948,236054,198269
1954,236132,198297
1917,236168,198318
1975,236190,198315
1970,236137,198310
2007,236044,198314
2011,235775,198172
2022,235390,198081
2090,235014,197960
2089,234810,197842
2029,234892,197969
1996,234909,197922
1994,235158,197981
2027,235045,198076
2039,235173,197935
2010,235228,198013
2062,235109,197988
2057,235337,198025
2047,235456,198115
2042,235561,198161
2041,235696,198165
2076,235652,198188
2085,235661,198145
2047,235661,198190
2089,235626,198008
2080,235672,198117
2074,235801,198161
2070,235804,198158
2068,235831,198175
2124,235889,198160
2125,235983,198222
2115,235842,198179
2116,235994,198253
2111,235966,198224
2112,236084,198273
2124,236000,198223
2090,236075,198230
2061,236056,198238
2089,236095,198273
3562,236213,198164
2068,236110,198278
2050,236176,198312
1944,236176,198163
1951,236226,198330
1908,236281,198272
1958,236254,198314
1961,236295,198268
1956,236317,198329
2021,236194,198202
2010,235844,198136
2062,235388,198063
2063,235022,197883
2056,234950,197887
2046,234980,197847
2045,235083,197944
1994,235201,197949
2023,235289,198005
2019,235235,197955
2045,235259,197990
2047,235350,198004
2031,235428,197986
2047,235489,198061
2051,235616,198031
2040,235752,198063
2046,235660,198039
2044,235734,198138
2086,235721,197990
2089,235686,198109
2058,235697,198149
2093,235744,198026
2087,235833,198160
2085,235990,198140
2079,235956,198161
2077,235962,198061
2147,236034,198123
2148,236079,198143
2104,236122,198165
2113,236124,198251
2112,236134,198224
2105,236188,198149
2116,236134,198210
2043,236179,198227
3550,236245,198205
3454,236221,198228
2056,236149,198189
1965,236244,198321
1956,236345,198250
1958,236272,198231
1961,236331,198308
1950,236432,198301
2003,236336,198325
1995,236371,198243
2002,236146,198209
2047,235743,198125
2052,235199,197879
2064,234994,197836
2075,234872,197824
2007,234954,197883
2023,235168,197853
2022,235209,197919
2026,235197,197939
2004,235375,198026
2007,235337,197963
2047,235454,197941
2055,235530,198093
2027,235678,198054
2061,235768,198127
2056,235764,198089
2059,235711,198184
2068,235729,198066
2072,235783,198121
2095,235847,198157
2092,235846,198104
2058,235950,198159
2101,235895,198170
2093,235979,198109
2111,235941,198247
2066,236043,198148
2074,236137,198187
2094,236153,198276
2098,236240,198251
2073,236189,198174
2162,236255,198189
2194,236254,198182
3090,236279,198238
2010,236349,198256
2006,236283,198238
1957,236471,198376
1950,236384,198146
1926,236383,198246
1945,236441,198196
1945,236447,198299
1982,236545,198174
1988,236336,198286
2015,236150,198112
2088,235749,198089
2091,235342,197878
2061,235158,197907
2003,235162,197857
1999,235332,197895
2031,235377,197970
2031,235460,197972
1992,235478,197971
2042,235495,197927
2042,235543,198026
2026,235636,197936
2047,235680,198059
2047,235851,198059
2068,235861,198148
2067,235912,198106
2039,235871,198049
2071,235922,198058
2076,235879,198065
2076,236085,198089
2055,235975,198083
2054,236061,198177
2098,236048,198159
2095,236133,198110
2111,236221,198147
2117,236258,198103
2119,236223,198145
2103,236305,198209
2083,236331,198184
2087,236248,198147
2038,236405,198212
2053,236339,198207
3635,236354,198165
2074,236395,198187
2058,236367,198153
1950,236447,198327
1922,236491,198188
1923,236517,198236
1964,236550,198240
1965,236560,198267
1980,236583,198266
2019,236526,198189
2021,236159,198175
2075,235727,197966
2044,235340,197919
2045,235111,197891
2045,235125,197816
2047,235193,197865
1999,235347,197970
2017,235393,197820
2018,235470,197986
2039,235449,197917
2044,235512,197924
2016,235606,197969
2047,235772,198045
2043,235807,197986
2042,235920,198063
2043,235969,198039
2040,235893,198015
2068,235871,198063
2070,235853,198005
2061,235889,198026
2095,235816,198078
2091,235981,198052
2076,235853,198024
2102,235968,198030
2107,236085,198038
2134,236086,198142
2132,236193,198103
2080,236274,198055
2115,236239,198165
2113,236298,198160
1986,236366,198229
3768,236315,198133
3822,236381,198207
2246,236371,198261
2223,236387,198151
1931,236520,198303
1946,236500,198301
1942,236606,198233
1958,236613,198256
1934,236592,198268
1941,236615,198263
2014,236536,198231
2015,236267,198228
2046,235730,197961
2077,235355,197960
2069,235149,197744
2067,235097,197861
1983,235270,197913
1985,235320,197900
2030,235390,197939
2027,235408,197982
2023,235382,197943
2023,235461,197915
2025,235628,197989
2045,235760,198022
2047,235816,198066
2022,236003,198029
2073,235910,198100
2064,236051,198028
2066,236130,198161
2046,236021,198053
2043,236114,198091
2088,236098,198142
2091,236203,198123
2102,236210,198134
2103,236297,198172
2098,236321,198230
2124,236380,198122
2069,236374,198260
2066,236493,198191
2007,236502,198259
2027,236511,198225
3583,236588,198177
2106,236530,198270
2089,236626,198268
1966,236530,198286
1943,236646,198190
1942,236671,198231
1983,236683,198220
1983,236674,198355
1970,236627,198265
2024,236703,198205
2023,236275,198169
2089,235893,197984
2047,235354,197891
2052,235243,197833
2047,235252,197851
2044,235403,197802
1999,235486,197900
2018,235596,197872
2013,235640,197959
2037,235680,197902
2016,235744,197974
2022,235730,197988
2059,235941,197992
2047,236062,198069
2060,236165,197919
2035,236040,198016
2032,236097,198074
2090,236111,198031
2061,236058,198042
2067,236166,198082
2086,236274,198126
2081,236215,198067
2096,236238,198200
2086,236303,197964
2090,236301,198147
2109,236362,198045
2112,236371,198151
2095,236494,198139
2055,236421,198041
2033,236503,198179
3110,236604,198061
2334,236521,198134
2320,236577,198147
1955,236575,198009
1951,236650,198191
1905,236603,198212
1928,236656,198095
1928,236647,198191
1976,236733,198075
1965,236660,198133
1971,236513,198082
2062,236169,198005
2056,235586,197834
2047,235231,197615
2032,235097,197820
2029,235255,197705
2017,235169,197745
1998,235296,197737
2007,235428,197764
2028,235318,197773
2025,235403,197846
2027,235517,197874
2029,235639,197661
2028,235798,197874
2055,235854,198044
2039,235964,197938
2047,236003,197899
2054,236054,198050
2054,236072,197927
2072,236111,198037
2054,236120,197974
2055,236182,197986
2104,236196,198032
2102,236246,198024
2109,236306,198015
2119,236308,198076
2115,236402,198099
2094,236453,198067
2088,236335,198105
2082,236514,198068
2010,236485,198134
2023,236490,198084
3740,236521,198101
2119,236636,198071
2100,236674,198133
1963,236546,198126
1914,236558,198162
1919,236702,198134
1959,236709,198127
1951,236717,198142
1976,236713,198191
2004,236590,198060
2005,236188,198026
2081,235657,197829
2069,235326,197728
2071,235185,197676
2047,235180,197800
2047,235262,197729
2013,235363,197768
2028,235376,197711
2027,235460,197796
2046,235536,197641
2017,235415,197805
2025,235658,197762
2058,235827,197875
2047,235949,197949
2055,236115,197972
2041,236018,197931
2047,236123,198009
2075,236121,198101
2036,236195,198038
2038,236130,198065
2061,236184,197898
2057,236203,198125
2084,236282,198052
2072,236396,198052
2071,236306,198018
2106,236504,198094
2067,236378,198060
2075,236534,198098
2094,236544,198035
2090,236551,198160
2317,236594,198109
2724,236613,198132
2659,236659,198163
2024,236545,198118
1957,236696,198175
1963,236671,198166
1940,236747,198061
1935,236742,198134
1981,236847,198207
1976,236836,198136
1973,236733,198086
2072,236445,198064
2067,235999,197832
2089,235487,197826
2047,235288,197514
2047,235295,197768
2042,235334,197699
1996,235361,197859
2003,235487,197734
2021,235580,197726
2022,235626,197825
2026,235635,197795
2030,235726,197894
2029,235950,197852
2076,236006,197961
2045,236051,197947
2052,236187,197963
2084,236144,197924
2082,236090,197867
2082,236181,197946
2063,236256,197839
2066,236291,198011
2122,236326,197897
2098,236403,198031
2105,236356,197928
2098,236500,197913
2089,236519,198095
2111,236550,197932
2076,236543,198027
2079,236588,198063
2172,236629,198040
3121,236559,197993
3031,236717,198068
2013,236668,198065
2001,236716,198040
1940,236760,198034
1910,236720,198100
1917,236830,198071
1973,236788,198143
1963,236850,198113
1976,236760,198100
2011,236598,198027
2012,236261,197944
2078,235742,197838
2025,235507,197623
2025,235359,197754
2011,235488,197711
1978,235562,197693
1986,235641,197800
1982,235609,197624
1979,235738,197813
2029,235758,197815
1995,235920,197839
2001,235943,197839
2040,236102,197846
2037,236230,197945
2020,236312,197946
2026,236268,197978
2025,236295,197886
2067,236280,197899
2040,236329,197993
2052,236373,197975
2056,236401,198134
2055,236498,197901
2082,236549,198090
2047,236605,197977
2051,236543,197987
2108,236656,198067
2073,236606,198072
2084,236663,198082
2088,236737,197875
2082,236739,198133
2086,236744,198100
2810,236822,198092
2914,236767,198096
2451,236921,198075
1951,236784,198117
1960,236832,198096
1935,236883,198094
1931,236939,198047
1966,236963,198179
1937,237009,198144
1941,236948,198087
2006,236937,198130
2047,236647,198058
2061,236191,197915
2065,235683,197719
2057,235556,197718
2095,235517,197654
2010,235587,197716
2016,235765,197849
2043,235787,197687
2042,235812,197836
2056,235815,197830
2040,235851,197718
2039,235923,197902
2077,236094,197753
2057,236250,197965
2066,236371,197906
2068,236358,197995
2070,236451,197974
2079,236381,198038
2057,236427,197844
2057,236466,198053
2118,236441,197903
2092,236511,197973
2104,236613,198105
2096,236647,198096
2091,236640,197984
2108,236668,198008
2098,236766,198133
2099,236830,198080
2124,236796,198158
2097,236920,198092
2114,236861,198094
2071,236869,197966
2053,236906,198142
2986,236946,198168
2403,236970,198113
2394,236913,198042
1983,237002,198106
1944,237022,198219
1955,237048,198083
1933,237066,198149
1930,237159,198176
1983,237149,198099
1981,237091,198208
1989,236976,198171
2038,236679,198058
2068,236143,197885
2075,235779,197867
2042,235777,197745
2031,235847,197770
2022,235934,197788
1980,235960,197782
1994,236051,197830
1993,236066,197974
2037,236145,197808
2047,236122,197812
2011,236257,198000
2012,236278,197906
2060,236482,198045
2047,236560,197883
2061,236551,198062
2054,236540,198054
2078,236567,198006
2086,236424,198063
2053,236604,197873
2055,236623,198059
2100,236675,198047
2094,236706,198050
2105,236818,198103
2092,236805,198008
2108,236864,198100
2117,236914,198132
2092,236989,198172
2096,236979,198098
2024,236919,198123
3674,237036,198125
3615,237055,198115
2126,237048,198172
2102,237037,198128
1977,237151,198170
1940,237006,198171
1949,237093,198120
1982,237168,198129
1982,237196,198181
1999,237231,198174
2011,236988,198096
2009,236792,198041
2099,236287,197842
2068,235968,197822
2071,235942,197708
2043,235875,197807
2040,236014,197788
2045,236175,197897
2014,236245,197837
2015,236278,197990
2073,236207,197908
2067,236389,197964
2078,236471,197900
2075,236536,198092
2084,236627,197894
2093,236607,197928
2047,236678,198024
2047,236694,197981
2108,236656,198035
2069,236683,197975
2081,236704,197954
2078,236730,198003
2111,236760,198057
2115,236808,198045
2133,236871,197997
2138,236876,198058
2131,236945,198073
2082,236978,198013
2092,237011,198070
2090,237047,198145
1999,237050,198106
2006,237070,198082
3892,237118,198117
3903,237118,198044
2182,237141,198036
1930,237015,198049
1937,237161,198103
1887,237220,197990
1936,237186,198205
1937,237250,198124
1919,237397,198142
1923,237221,198159
1995,237088,197982
2022,236640,197977
2033,236109,197792
2038,235952,197681
2038,235788,197754
2028,235844,197787
1980,235959,197646
1991,236038,197807
1988,236107,197815
2017,236161,197780
2026,236256,197791
1994,236203,197877
1996,236354,197891
2030,236485,197903
2026,236543,197880
2028,236589,197933
2046,236673,198047
2079,236641,197949
2082,236645,198033
2031,236669,197935
2030,236730,197853
2092,236806,197871
2047,236763,197980
2059,236859,197961
2093,236892,198021
2119,236914,198015
2124,236932,198039
2075,237008,198002
2080,237065,198081
2093,237044,198074
2450,237066,198182
2538,237180,198037
2583,237122,198098
2004,237168,198087
2006,237189,198102
1903,237190,198087
1906,237205,198149
1956,237261,198115
1958,237238,198155
1968,237344,198210
1978,237355,198006
2066,237004,198217
2073,236737,197976
2042,236311,197691
2047,235978,197717
2062,235980,197775
2021,236079,197746
2026,236153,197822
1986,236284,197753
2047,236267,197797
2058,236286,197888
2025,236349,197923
2029,236363,197940
2023,236455,197905
2067,236632,197745
2074,236678,197929
2043,236772,198009
2041,236720,197910
2071,236704,197987
2047,236671,197809
2060,236807,197978
2075,236765,198001
2095,236882,197949
2100,236921,197985
2082,236962,197851
2082,236980,198019
2093,237029,198083
2086,237068,197965
2095,237115,198055
2074,237119,198045
2208,237120,197977
2258,237219,198050
2935,237221,198098
2854,237237,198135
2010,237220,198078
1930,237283,198146
1941,237351,197989
1906,237189,198101
1962,237370,198067
1966,237365,198040
1931,237439,198139
1934,237246,198065
2026,236999,197976
2071,236532,197838
2087,236221,197823
2038,236194,197780
2031,236198,197661
2038,236344,197782
1983,236254,197800
1987,236468,197807
2028,236419,197761
2027,236487,197928
2035,236561,197809
2032,236463,197817
2072,236728,197848
2075,236828,197840
2040,236777,197951
2044,236830,197917
2081,236913,197881
2090,236782,197933
2099,236815,197844
2074,236829,197809
2119,236931,198001
2119,236930,197981
2128,236982,197896
2135,237008,197854
2108,236989,197953
2128,237058,197939
2135,237162,197909
2084,237172,197944
2007,237204,197994
2011,237121,197933
3934,237143,197945
3924,237211,197986
2175,237229,197970
1968,237265,197926
1967,237256,198018
1919,237276,197972
1928,237369,197975
1966,237312,197942
1976,237333,198004
1983,237311,198015
2002,237215,197897
2072,236747,197894
2072,236253,197758
2047,236068,197609
2057,236005,197596
2031,236086,197697
2018,236228,197609
2031,236182,197661
1994,236285,197706
2053,236189,197694
2057,236201,197650
2032,236411,197683
2045,236425,197776
2047,236565,197811
2080,236696,197828
2090,236643,197921
2056,236719,197701
2095,236666,197815
2092,236738,197774
2068,236829,197844
2079,236801,197969
2090,236764,197841
2104,236990,197716
2112,236910,197946
2079,236952,197714
2145,236897,197895
2137,236977,197988
2112,236969,197725
2125,237012,197870
2113,237038,197934
2154,237065,197699
2151,237079,197931
2271,237060,197793
2882,237153,197967
2792,237084,197872
2005,237233,197982
2002,237205,197861
1934,237193,197956
1969,237225,197803
1971,237312,197883
1955,237233,197898
1991,237297,197935
1984,237227,197860
2039,236878,197907
2047,236433,197624
2045,235994,197600
2081,235849,197464
2077,235892,197505
2013,236012,197600
2015,236050,197571
2029,236144,197644
2047,236154,197496
2057,236200,197603
2027,236285,197722
2060,236316,197525
2056,236389,197626
2028,236614,197689
2042,236649,197698
2047,236747,197754
2096,236639,197774
2104,236691,197768
2038,236751,197769
2106,236729,197790
2096,236813,197830
2091,236891,197873
2091,236905,197816
2067,236935,197930
2140,236951,197866
2147,236986,197814
2097,237027,197903
2120,237107,197932
2114,237076,197990
2102,237152,197793
2110,237233,197859
1995,237124,197897
3813,237207,197984
3812,237311,197876
2198,237137,197889
1964,237217,197710
1967,237258,197892
1936,237153,197954
1950,237319,197901
1941,237400,197774
1992,237342,197972
1986,237280,197930
1981,237259,197743
2066,236737,197830
2063,236377,197703
2079,236094,197399
2086,235989,197337
2002,235964,197543
2031,236160,197559
2030,236302,197493
2014,236262,197595
2015,236337,197512
2007,236307,197717
2041,236446,197498
2044,236604,197694
2018,236735,197787
2073,236696,197475
2076,236786,197684
2068,236662,197702
2078,236758,197734
2061,236731,197731
2090,236767,197728
2090,236791,197705
2045,236775,197717
2109,236853,197715
2104,236892,197760
2101,237039,197826
2111,237052,197729
2090,237041,197869
2114,236986,197811
2117,237128,197777
2192,237167,197829
2975,237228,197828
2885,237187,197754
2042,237239,197787
2039,237200,197962
1933,237227,197797
1965,237235,197837
1974,237200,197922
1943,237286,197841
2004,237346,197927
2005,237306,197808
2047,237148,197821
2055,236648,197689
2065,236279,197410
2093,236118,197551
2094,235994,197524
2029,236122,197573
2011,236306,197533
2013,236306,197610
2045,236418,197569
2047,236329,197626
2028,236383,197602
2066,236414,197531
2068,236604,197625
2060,236760,197763
2065,236823,197620
2058,236812,197597
2087,236798,197715
2088,236767,197592
2061,236785,197540
2081,236802,197709
2083,236843,197684
2082,236918,197807
2090,236894,197755
2125,236849,197799
2121,236967,197710
2117,236979,197565
2082,237036,197618
2111,236992,197815
2111,237101,197706
1998,237172,197721
2015,237189,197734
3818,237204,197766
2144,237199,197749
2129,237235,197781
1919,237099,197740
1939,237183,197678
1938,237247,197821
1953,237180,197806
1956,237354,197775
1933,237322,197788
2031,237145,197703
2036,236858,197658
2056,236372,197551
2064,236019,197302
2062,235955,197355
2054,235965,197314
2047,236072,197510
1977,236126,197500
2042,236303,197351
2043,236241,197386
2031,236286,197537
2027,236357,197559
2031,236380,197567
2058,236571,197459
2060,236582,197521
2013,236703,197586
2064,236741,197662
2060,236748,197573
2066,236735,197622
2062,236708,197610
2062,236785,197726
2085,236874,197543
2084,236882,197694
2062,236840,197711
2115,236921,197598
2116,236970,197617
2098,237106,197658
2105,236970,197709
2087,237117,197733
2085,237119,197631
2071,237191,197716
3053,237293,197770
2384,237253,197861
2367,237152,197778
1969,237239,197861
1972,237249,197712
1915,237242,197664
1948,237357,197872
1951,237386,197741
1979,237374,197771
1991,237299,197742
1988,237268,197754
2069,236832,197575
2074,236356,197465
2059,236143,197409
2070,236048,197360
2068,236182,197465
2006,236263,197446
1999,236407,197568
1992,236389,197513
2060,236405,197500
2061,236383,197490
2003,236495,197552
2036,236552,197475
2031,236714,197506
2054,236875,197686
2039,236766,197681
2036,236861,197812
2075,236820,197552
2078,236889,197642
2057,236808,197655
2064,236898,197707
2059,236937,197629
2142,237032,197691
2077,237060,197799
2076,237022,197677
2096,237187,197729
2098,237055,197760
2085,237200,197691
2007,237198,197780
2018,237244,197778
3671,237268,197920
3583,237290,197724
2106,237268,197752
1962,237331,197816
1959,237352,197763
1931,237409,197664
1944,237325,197844
1940,237431,197810
2008,237464,197832
2004,237392,197852
2001,237137,197697
2066,236765,197641
2063,236243,197507
2072,236177,197499
2008,236299,197491
2004,236261,197517
2033,236504,197480
2034,236494,197553
1998,236501,197508
2036,236618,197577
2035,236584,197421
2046,236651,197721
2028,236722,197420
2033,236874,197444
2074,236896,197602
2062,236834,197668
2054,236908,197579
2066,236925,197712
2057,236867,197643
2082,236974,197645
2047,236925,197496
2058,237002,197618
2138,237102,197635
2139,237097,197525
2090,237125,197608
2087,237073,197537
2081,237146,197590
2106,237241,197589
1955,237254,197651
1969,237123,197660
3914,237295,197646
3882,237338,197670
2146,237209,197618
1919,237166,197750
1918,237285,197611
1930,237452,197693
1929,237308,197677
1918,237383,197640
1978,237318,197732
1969,237265,197685
2002,237324,197751
2022,236694,197438
2022,236443,197462
2094,236036,197273
2087,236187,197349
2013,236293,197483
2018,236208,197442
2016,236396,197512
2025,236492,197469
2014,236478,197518
2022,236384,197450
2047,236394,197521
2052,236673,197612
2022,236709,197557
2036,236778,197733
2036,236927,197701
2077,236760,197619
2038,236931,197716
2038,236733,197525
2096,236855,197581
2089,237016,197691
2077,236928,197646
2080,237137,197685
2085,237049,197646
2147,237139,197672
2094,237059,197535
2099,237212,197749
2126,237129,197518
2118,237250,197775
2109,237234,197669
1983,237145,197576
1983,237256,197757
3920,237310,197454
2158,237335,197703
2143,237286,197514
1961,237490,197660
1955,237276,197647
1952,237409,197687
1946,237496,197634
1950,237547,197694
2012,237465,197552
2010,237469,197694
2017,237208,197611
2066,236869,197603
2062,236410,197215
2093,236405,197383
2024,236152,197290
2031,236412,197563
2034,236388,197310
2035,236518,197440
2002,236563,197501
2036,236631,197373
2027,236676,197353
2068,236675,197512
2029,236731,197536
2029,236824,197539
2087,236933,197575
2084,237042,197628
2059,236751,197510
2059,236906,197546
2054,237049,197723
2097,237072,197618
2078,236986,197454
2081,237120,197713
2100,237197,197572
2090,237198,197651
2100,237232,197622
2105,237233,197707
2107,237335,197525
2121,237385,197581
2085,237248,197613
2085,237385,197593
2456,237412,197686
2518,237466,197708
2605,237446,197722
1982,237486,197735
1978,237501,197697
1944,237372,197681
1945,237574,197796
1957,237499,197694
1982,237570,197823
1982,237632,197744
2005,237460,197666
2015,237404,197697
2015,237053,197659
2081,236648,197467
2038,236401,197280
2043,236437,197522
2014,236508,197219
2013,236515,197366
2020,236670,197457
2003,236713,197369
2005,236635,197419
2038,236749,197443
2035,236867,197565
2027,236945,197536
2029,237044,197515
2030,237095,197496
2074,237092,197388
2026,237064,197550
2035,237175,197591
2067,236983,197590
2064,237086,197377
2080,237144,197440
2045,237278,197437
2041,237301,197484
2110,237266,197534
2065,237177,197544
2064,237305,197563
2091,237394,197639
2087,237400,197669
2082,237410,197626
2803,237500,197709
2904,237351,197612
2439,237380,197635
1942,237498,197709
1946,237446,197494
1916,237579,197698
1901,237563,197514
1947,237586,197550
1926,237638,197574
1935,237573,197538
1994,237541,197556
2021,237314,197612
2032,236832,197491
2061,236496,197279
2061,236424,197355
2069,236362,197234
2000,236490,197267
2008,236537,197346
2019,236710,197406
2020,236642,197435
2032,236550,197361
2031,236795,197361
2031,236682,197383
2056,236878,197565
2042,236990,197360
2039,237048,197387
2073,237092,197353
2069,237077,197425
2072,236995,197541
2069,237036,197400
2071,237158,197557
2085,237217,197408
2072,237247,197456
2076,237224,197524
2089,237237,197519
2090,237348,197591
2132,237264,197579
2103,237336,197490
2103,237379,197623
2124,237321,197435
2096,237441,197588
2098,237454,197709
1983,237586,197501
1974,237435,197590
3869,237568,197616
2182,237501,197530
2163,237512,197562
1967,237549,197546
1928,237677,197746
1936,237680,197689
1947,237677,197416
1942,237655,197492
1998,237639,197503
1999,237565,197561
2002,237357,197447
2061,236754,197370
2068,236516,197362
2076,236352,197277
2043,236362,197323
2031,236578,197329
2047,236503,197329
2029,236706,197376
2033,236640,197313
2060,236708,197405
2070,236785,197521
2084,236712,197456
2054,236950,197405
2056,237006,197342
2094,237131,197384
2066,237112,197465
2071,237127,197462
2097,237107,197538
2105,237168,197612
2115,237127,197567
2066,237164,197438
2071,237238,197351
2123,237305,197515
2072,237360,197576
2084,237319,197426
2142,237439,197572
2141,237380,197565
2150,237462,197633
2102,237438,197360
2104,237530,197518
2118,237522,197480
1985,237570,197541
2002,237643,197652
3823,237483,197548
3802,237635,197600
2202,237605,197661
1954,237639,197670
1953,237736,197722
1964,237610,197634
1965,237768,197697
1976,237649,197670
1968,237859,197669
1967,237813,197723
2058,237565,197588
2033,237198,197380
2042,236862,197488
2073,236471,197422
2047,236670,197392
2058,236656,197349
1994,236842,197409
1982,236925,197558
2041,236921,197523
2000,236817,197302
2005,237020,197458
2026,237008,197380
2047,237088,197579
2057,237178,197541
2019,237268,197509
2027,237274,197432
2069,237352,197505
2047,237232,197518
2063,237343,197542
2067,237365,197582
2104,237266,197550
2105,237406,197387
2096,237344,197539
2099,237412,197530
2130,237423,197538
2076,237491,197567
2085,237549,197630
2068,237648,197595
2063,237577,197589
1981,237608,197605
3718,237692,197644
3677,237663,197509
2160,237727,197582
1930,237749,197623
1943,237730,197650
1907,237810,197612
1903,237716,197716
1952,237704,197640
1925,237878,197636
1936,238018,197649
2005,237589,197395
2038,237482,197507
2044,237036,197411
2037,236730,197331
2032,236797,197472
2035,236821,197471
1993,236898,197459
1999,236957,197338
2004,237034,197485
2000,236957,197412
2005,237037,197510
2010,237078,197194
2007,237288,197417
2047,237274,197332
2026,237419,197408
2039,237469,197448
2060,237253,197418
2069,237393,197561
2075,237292,197456
2038,237314,197486
2047,237487,197577
2095,237421,197546
2126,237512,197620
2127,237567,197703
2076,237557,197456
2112,237571,197580
2113,237688,197538
2072,237557,197472
2075,237596,197601
2020,237700,197685
3697,237661,197401
3612,237734,197577
2072,237760,197619
2047,237761,197489
1950,237752,197374
1918,237812,197570
1923,237813,197301
1944,237834,197530
1982,237829,197519
1994,237857,197635
1982,237641,197687
1991,237331,197153
2078,236982,197300
2058,236794,197312
2064,236719,197034
2033,236775,197427
2030,236818,197244
2038,236918,197347
2014,237032,197378
2019,236987,197334
2052,236972,197284
2036,237052,197367
2040,237129,197364
2024,237113,197431
2071,237296,197543
2071,237353,197523
2031,237324,197473
2037,237300,197262
2088,237265,197231
2074,237285,197473
2085,237458,197452
2069,237243,197181
2097,237410,197333
2092,237527,197544
2090,237452,197564
2090,237571,197631
2120,237612,197578
2122,237551,197476
2130,237615,197363
2090,237631,197286
2423,237601,197512
2500,237676,197527
2717,237721,197496
2653,237705,197542
1995,237647,197491
1957,237804,197679
1961,237832,197740
1923,237792,197688
1978,237789,197469
1978,237825,197559
1979,237797,197669
1988,237582,197601
2035,237289,197368
2078,236980,197264
2080,236775,197237
2047,236621,197276
2055,236769,197287
2060,236801,197329
2014,236906,197309
2026,237095,197366
2030,236928,197241
2078,237021,197457
2084,237036,197421
2020,237121,197323
2022,237185,197400
2064,237316,197595
2058,237342,197330
2070,237313,197482
2036,237347,197430
2088,237362,197384
2087,237454,197470
2068,237248,197468
2070,237406,197498
2084,237306,197418
2103,237622,197631
2113,237445,197490
2090,237498,197521
2106,237608,197716
2104,237663,197554
2082,237780,197656
2089,237517,197520
2010,237669,197362
3504,237832,197609
3596,237777,197692
2300,237763,197444
1961,237811,197705
1963,237907,197599
1916,237759,197619
1915,237731,197534
1942,237728,197512
1964,237889,197587
1971,237823,197571
1970,237689,197303
2039,237449,197339
2038,237210,197432
2033,236687,197385
2047,236753,197209
1994,236829,197253
2004,236942,197339
2010,237064,197347
1958,237016,197343
1971,236909,197301
2014,237120,197358
2023,237256,197375
2032,237211,197365
2016,237312,197393
2055,237212,197304
2063,237414,197061
2016,237402,197456
2023,237439,197477
2047,237479,197615
2037,237427,197432
2045,237403,197423
2054,237434,197469
2088,237535,197451
2089,237496,197443
2069,237472,197535
2079,237617,197555
2077,237651,197434
2000,237768,197550
2002,237635,197488
3486,237862,197521
2326,237663,197472
2303,237836,197489
1964,237884,197559
1957,237661,197515
1942,237846,197528
1972,237882,197460
1987,237845,197523
1945,237992,197609
2026,237934,197544
2027,237778,197595
2031,237357,197146
2033,237139,197315
2065,236739,197214
2068,236928,197289
2075,236783,197217
1998,236794,197304
2031,236989,197231
2026,236992,197331
2032,237063,197374
2042,237087,197481
2028,237073,197275
2062,237273,197343
2062,237378,197356
2028,237263,197467
2047,237418,197185
2045,237402,197519
2064,237335,197285
2071,237397,197080
2063,237452,197391
2090,237415,197285
2095,237496,197195
2092,237681,197357
2095,237522,197400
2118,237567,197380
2119,237586,197586
2124,237694,197475
2089,237607,197474
2120,237764,197434
2116,237673,197453
2141,237809,197356
2178,237585,197403
3270,237941,197474
2047,237602,197522
2039,237815,197379
1916,237874,197563
1939,237903,197469
1936,237872,197427
1966,238099,197514
1966,237881,197485
1958,237785,197410
2041,237656,197463
2043,237468,197325
2038,236902,197250
2079,236697,197096
2075,236731,197158
2034,236987,196959
2044,236975,197130
1995,236972,197192
2057,237049,197218
2052,237015,197238
2018,237060,197337
2040,237042,197148
2038,237203,197452
2074,237253,197305
2079,237355,197374
2037,237355,197333
2095,237332,197132
2090,237348,197084
2068,237365,197224
2081,237438,197412
2073,237352,197322
2102,237524,197367
2109,237304,197333
2107,237519,197378
2131,237528,197380
2126,237519,197382
2101,237663,197448
2106,237695,197336
2092,237718,197566
2023,237589,197547
2023,237576,197389
3767,237993,197434
2251,237613,197391
2228,237851,197476
1974,237898,197369
1979,237823,197448
1919,237840,197231
1980,238038,197557
1975,237973,197649
1980,238004,197504
2026,237851,197483
2019,237503,197422
2047,237245,197372
2060,236973,197329
2047,236779,196995
2047,236825,197121
2053,236946,197315
1992,236782,197153
2004,237047,197353
2000,237027,197204
2041,237119,197381
2043,237106,197290
2019,237128,197189
2047,237316,197346
2052,237112,197285
2055,237390,197303
2033,237529,197299
2029,237501,197345
2075,237573,197331
2073,237465,197391
2047,237588,197334
2084,237353,197353
2081,237699,197425
2095,237626,197382
2064,237664,197371
2064,237704,197346
2099,237940,197415
2098,237619,197399
2036,237753,197463
2857,237770,197594
2948,237871,197506
2458,237752,197555
2453,237818,197456
1952,237885,197511
1960,237931,197317
1964,237890,197576
1946,237954,197555
1973,237999,197267
1971,237854,197508
2027,237926,197483
2031,237729,197381
2013,237331,197272
2094,237168,197321
2093,236865,197089
2045,236939,197123
2002,236981,197194
1996,237149,197211
2036,236964,197156
2035,237095,197201
1997,237280,197217
2058,237190,197264
2052,237319,197315
2034,237454,197434
2037,237443,197313
2037,237500,197403
2070,237474,197244
2073,237469,197230
2047,237494,197317
2070,237379,197216
2066,237471,197305
2070,237578,197420
2080,237564,197324
2085,237507,197314
2105,237640,197344
2106,237725,197356
2066,237770,197437
2101,237730,197217
2094,237817,197394
2309,237772,197359
2828,237832,197272
2746,237804,197502
2021,237878,197189
2011,237824,197257
1930,237903,197337
1934,237903,197258
1935,237966,197373
1967,237992,197265
1965,238011,197444
1967,237927,197525
2035,237615,197274
2030,237291,197076
2047,237034,197160
2039,236806,197089
2038,236678,197102
2030,236973,197097
2031,237000,197129
1980,237078,197378
2030,236948,197039
2026,237023,197154
2036,237166,197237
2013,237161,197154
2016,237052,197136
2047,237387,197251
2055,237435,197113
2019,237317,197324
2061,237401,197376
2058,237369,197273
2077,237566,197269
2064,237446,197256
2068,237487,197284
2082,237431,197261
2076,237513,197289
2085,237692,197301
2098,237440,197315
2099,237728,197326
2118,237650,197221
2076,237888,197265
2070,237746,197259
2642,237944,197389
2735,237809,197043
2500,237883,197447
1976,237754,197024
1968,237756,197338
1972,237982,197354
1948,237823,197348
1958,237897,197326
2002,238004,197357
2002,237729,197353
2014,237780,197359
2035,237669,197322
2033,237203,197266
2113,236872,197023
2062,236888,197207
2067,236644,197009
2046,236917,197135
2039,236774,197080
2037,237019,196913
2047,237112,197141
2043,237041,196849
2073,237071,196952
2075,237254,197073
2047,237289,197093
2067,237413,197188
2065,237528,197403
2073,237512,197164
2047,237400,197208
2056,237472,197267
2093,237557,197021
2091,237537,197190
2064,237714,197305
2060,237432,197301
2062,237661,197261
2123,237613,197309
2078,237765,197342
2073,237782,197351
2115,237580,197334
2109,237885,197357
2047,237700,197365
2952,237914,197341
3051,237899,197298
2423,237974,197421
1951,237929,197222
1951,237996,197513
1933,238035,197287
1931,237999,197573
1939,238064,197546
1951,238102,197500
1955,238005,197407
2021,238014,197561
2009,237719,197065
2013,237409,197316
2058,237004,196903
2055,236986,197198
2022,237043,197245
1979,237060,197008
1975,237203,197251
2013,237264,197168
1993,237318,197413
2005,237118,197177
2018,237275,197123
2015,237313,197226
2031,237634,197208
2017,237423,197131
2023,237567,197085
2074,237679,197348
2075,237620,197374
2047,237666,197269
2056,237744,197355
2057,237716,197332
2104,237841,197320
2070,237823,197354
2081,237574,197290
2088,237846,197287
2089,237727,197291
2086,237820,197336
1972,237927,197303
1961,237620,197287
3525,238076,197316
2324,237747,197292
2304,237992,197325
1972,237969,197418
1967,237936,197320
1938,237871,197319
1949,237895,197363
1951,237781,197295
2002,238086,197359
2000,237963,197314
2002,237847,197286
2070,237418,197092
2065,237199,197144
2093,237021,197083
2029,237169,197229
2034,236948,197051
2036,237181,197111
2006,237277,197130
2012,237056,197100
2034,237321,197114
2031,237296,197094
2056,237423,197134
2039,237502,197121
2033,237693,197222
2091,237412,197146
2068,237737,197315
2078,237608,197199
2069,237715,197255
2069,237426,197205
2094,237678,197290
2064,237660,197098
2072,237784,197421
2110,237808,197291
2107,237827,197336
2114,237652,197242
2084,237942,197305
2082,237659,197268
2110,237977,197264
2007,237947,197335
2004,237992,197532
3362,237991,197339
3463,238045,197423
2323,238086,197483
1943,238064,197470
1935,238118,197552
1957,238147,197405
1942,237924,197212
1950,238116,197298
1974,238236,197277
1975,237957,197365
2015,237733,197256
2022,237553,197188
2026,237326,197190
2087,236971,197080
2042,237049,197036
2047,236957,197031
2021,237167,197153
2011,237321,197223
2040,237342,197236
2025,237153,197095
2032,237340,197173
2054,237202,197190
2047,237462,197150
2066,237512,197186
2043,237590,197126
2041,237587,197203
2074,237665,197172
2065,237414,197155
2072,237672,197266
2088,237626,197078
2080,237772,197284
2091,237568,197211
2067,237799,197219
2058,237718,197236
2148,237919,197300
2088,237595,197262
2096,237877,197277
2113,237687,197242
2108,238094,197301
2118,237989,197301
2131,238099,197098
2170,238016,197096
3182,238035,197166
2029,238084,197204
2027,237875,197297
1935,238166,197365
1930,237969,197319
1972,237941,197321
1926,238117,197204
1930,238143,197367
2003,238167,197499
2015,238008,197177
2029,237765,197324
2047,237315,197147
2055,237177,197069
2070,237043,197011
2011,237248,197130
2019,237260,196956
2006,237179,197063
2038,237462,197298
2047,237285,197144
2016,237521,197051
2012,237397,197172
2069,237464,197186
2031,237873,197322
2041,237880,197302
2062,237808,197356
2081,237941,197412
2093,237982,197453
2060,237938,197150
2057,238027,197162
2108,238205,197475
2073,238070,197472
2077,238036,197395
2108,238063,197445
2091,238281,197477
2103,238413,197541
2076,238266,197429
2079,238399,197547
2102,238424,197509
2796,238258,197543
2905,238433,197561
2434,238397,197544
1993,238487,197773
1991,238572,197606
1945,238569,197609
1951,238661,197593
1974,238618,197612
1970,238687,197641
1979,238723,197646
2002,238294,197607
1999,238404,197697
2098,238124,197488
2047,237560,197270
2060,237538,197318
2057,237642,197316
2030,237353,197302
2044,237763,197407
1988,237582,197165
1984,237752,197443
2031,237791,197041
2012,237830,197159
2019,237940,197442
2043,237958,197484
2072,238230,197515
2075,238152,197535
2031,238006,197621
2031,238105,197492
2074,238115,197509
2056,238253,197482
2069,238272,197613
2070,238162,197559
2107,237944,197595
2115,238323,197739
2068,238365,197416
2070,238353,197609
2107,238370,197474
2018,238424,197550
2021,238166,197585
3214,238372,197563
2378,238502,197369
2370,238581,197869
1928,238574,197756
1930,238595,197889
1919,238638,197726
1948,238639,197780
1949,238663,197605
1955,238625,197623
2030,238685,197820
2033,238488,197542
2029,238289,197496
2029,237517,197317
2068,237703,197390
2054,237492,197321
2063,237589,197140
1979,237737,197409
2052,237716,197579
2048,237827,197459
2012,237701,197526
2017,237825,197426
2036,237861,197423
2038,237794,197428
2047,237955,197458
2020,238085,197529
2022,237888,197481
2081,238180,197511
2058,238069,197531
2065,238171,197499
2062,238103,197492
2116,238297,197580
2119,238085,197530
2072,238493,197533
2089,238109,197551
2122,238311,197544
2098,238457,197588
2107,238234,197602
2093,238566,197672
2030,238519,197620
2018,238614,197633
3429,238687,197481
3538,238571,197409
2312,238642,197665
1963,238748,197693
1970,238756,197667
1917,238798,197680
1980,238406,197683
1980,238896,197693
1960,238798,197839
1967,238762,197792
2002,238339,197619
2072,238337,197512
2073,237636,197401
2071,237639,197368
2047,237304,197252
2050,237787,196971
2008,237827,197563
2013,237946,197544
2016,237886,197068
2037,237785,197286
2037,237587,197421
2027,237921,197206
2064,237992,197366
2064,238166,197484
2054,238230,197376
2067,238103,197516
2056,238256,197588
2097,238288,197455
2101,238248,197497
2072,238268,197360
2077,238321,197452
2100,238445,197764
2116,238533,197709
2119,238394,197630
2084,238407,197676
2147,238638,197649
2141,238551,197495
2090,238804,197705
2100,238288,197646
2114,238685,197736
2119,238760,197601
2121,238719,197284
2278,238922,197623
2844,238722,197687
2770,238839,197826
2005,238877,197810
2007,238901,197776
1972,238919,197819
1983,238693,197740
1986,238919,197828
1937,238943,197702
2020,239119,197872
2023,238960,198014
2042,238667,197898
2043,238332,197749
2047,237867,197547
2068,237957,197513
2067,238055,197528
2013,238214,197553
2020,238373,197613
2022,238180,197794
2028,238070,197449
2038,238177,197604
2008,238145,197613
2061,238397,197664
2060,238127,197607
2035,238627,197669
2043,238197,197659
2061,238572,197732
2065,238468,197522
2069,238528,197415
2047,238515,197781
2090,238576,197484
2095,238599,197590
2082,238696,197606
2093,238449,197700
2120,238650,197618
2130,238831,197772
2136,238791,197736
2062,238663,197757
2117,238951,197747
2117,239009,197823
1990,238876,197857
2005,238971,198077
3671,238883,197796
2156,239062,197808
2142,238821,197771
1924,238673,197757
1942,238980,197801
1945,238946,197744
1960,239056,197828
1958,239193,197834
1959,239059,198047
2044,238923,197639
2047,238742,197723
2035,238463,197649
2062,238284,197763
2059,238007,197540
2047,238172,197682
2055,238244,197789
1978,238107,197594
2022,238335,197440
2022,238269,197382
1991,238344,197462
2020,238345,197380
2021,238546,197826
2047,238534,197688
2056,238667,197721
2029,238371,197694
2073,238571,197643
2075,238657,197502
2047,238649,197490
2055,238640,197452
2047,238776,197801
2076,238760,197812
2083,238853,197735
2058,238692,197600
2130,238653,197642
2133,238660,197749
2110,238696,197747
2118,238931,197792
2069,238945,198047
2118,238950,197921
2126,239014,197787
1985,239014,197776
3790,239084,197743
3706,238850,197751
2119,238815,197736
2109,239093,197830
1927,238988,197577
1960,239130,197786
1962,238895,197767
1951,238948,197748
1974,239294,197815
1967,239130,198014
2033,238789,197830
2031,238613,197704
2023,238428,197701
2079,238348,197586
2081,238085,197583
2023,238102,197648
1997,238308,197703
1995,238331,197688
2054,238385,197726
2057,238356,197527
2018,238478,197635
2046,238522,197608
2046,238406,197642
2054,238327,197684
2043,238702,197851
2047,238603,197672
2074,238546,197795
2083,238632,197748
2064,238545,197705
2074,238611,197774
2071,238637,197816
2105,238629,197513
2111,238794,197797
2065,238630,197722
2108,238850,197735
2111,238826,197890
2100,238928,197583
2083,238829,197762
2083,238848,197740
2130,238956,197839
2136,238956,197567
1995,238931,197555
3412,238960,197639
3515,238903,197771
2331,238997,197804
1951,239013,197828
1948,238970,197784
1969,239016,197877
1973,239130,197928
1942,239039,197807
1979,239182,197775
1975,239012,197772
2008,238967,197750
2044,238737,197805
2040,238447,197678
2093,238264,197647
2091,238152,197635
2033,238104,197563
2014,238201,197677
2011,238194,197670
2014,238343,197718
2004,238345,197573
2002,238380,197695
2078,238458,197667
2078,238522,197691
2027,238587,197644
2058,238717,197771
2052,238669,197640
2073,238745,197721
2054,238706,197808
2054,238510,197625
2082,238689,197711
2079,238656,197394
2070,238745,197845
2087,238713,197554
2079,238830,197616
2131,238843,197657
2139,238904,197641
2062,238805,197597
2116,239002,197794
2111,238890,197957
2030,238861,197681
3266,238848,197785
3358,238994,197860
2415,238785,197709
2398,238986,197822
1938,238990,197761
1955,238862,197598
1950,238990,197722
1953,238984,197776
1962,238945,197746
1961,238960,197780
2019,238852,197864
2019,238878,197716
2031,238645,197619
2078,238198,197549
2071,238150,197522
2057,238036,197201
1993,238168,197399
1991,238313,197660
2031,238175,197594
2027,238376,197669
2000,238395,197652
2004,238501,197699
2002,238323,197542
2054,238532,197591
2024,238491,197618
2029,238518,197548
2066,238647,197630
2062,238727,197600
2047,238632,197665
2068,238559,197298
2060,238489,197566
2084,238705,197618
2120,238663,197572
2132,238584,197586
2142,238791,197402
2134,238732,197367
2090,238872,197796
2086,238854,197788
2082,238881,197820
1988,238989,197755
3839,238732,197635
3880,239059,197679
2232,239163,197622
2207,238887,197660
1959,238938,197592
1931,239117,197634
1931,238912,197430
1975,239015,197717
1978,239015,197751
1956,239035,197558
2018,238957,197472
2016,238706,197763
2074,238443,197517
2070,238029,197336
2073,238048,197089
2068,238078,197321
2062,238156,197106
2003,238256,197539
2021,238103,197613
2014,238047,197411
2057,238255,197463
2042,238308,197439
2045,238359,197422
2062,238480,197550
2061,238599,197539
2056,238573,197358
2054,238557,197394
2056,238580,197252
2088,238588,197509
2063,238569,197304
2071,238620,197690
2079,238452,197584
2065,238710,197571
2094,238424,197566
2122,238849,197612
2122,238472,197513
2138,238663,197593
2079,238821,197690
2091,239010,197645
2105,238790,197593
2099,238653,197570
1991,238758,197577
3878,238886,197609
3854,238834,197609
2193,238973,197663
1940,238986,197836
1947,238982,197887
1949,239009,197677
1948,239021,197690
1972,239028,197589
1968,239065,197337
1975,239049,197588
2029,238814,197577
2025,238270,197463
2046,238272,197427
2077,237943,197378
2078,237947,197379
2055,238070,197398
1991,237888,197444
1991,238402,197451
2038,238203,197499
2031,238358,197428
2045,238230,197460
2044,238288,197315
2044,238432,197583
2046,238446,197551
2047,238415,197502
2053,238551,197160
2067,238602,197358
2066,238619,197635
2088,238355,197566
2064,238488,197418
2067,238605,197331
2101,238488,197488
2087,238471,197432
2089,238694,197427
2120,238851,197385
2111,238730,197421
2099,238742,197509
2077,238838,197489
2079,238784,197579
2118,238868,197588
2090,238828,197635
2137,238907,197650
3234,238846,197722
3135,238970,197584
2064,238834,197600
1931,238889,197566
1929,238990,197659
1980,238738,197607
1942,238823,197606
1957,239166,197584
1977,238854,197594
1975,238867,197282
2060,238707,197490
2039,238453,197460
2048,238030,197299
2079,237942,197332
2077,237724,197276
2038,238088,197031
1996,238207,197354
1990,238251,197370
2026,238292,197462
2001,238264,197563
2011,238345,197365
2037,238359,197209
2031,238331,197171
2047,238531,197422
2013,238391,197433
2013,238376,197356
2072,238203,197405
2043,238117,197314
2053,238414,197010
2066,238507,197288
2060,238589,197461
2098,238727,197476
2094,238623,197423
2095,238566,197116
2111,238521,197387
2088,238629,197518
2092,238558,197400
2072,238671,197417
2062,238767,197514
2073,238840,197488
3416,238799,197646
3319,238850,197548
2066,238808,197505
1934,238586,197374
1938,238789,197005
1917,238839,197270
1914,238897,197680
1966,238654,197480
1939,238910,197524
1945,238864,197526
2020,238594,197292
2060,238443,197397
2069,238083,197290
2034,237968,197140
2035,237914,196839
2028,238045,197292
1981,238040,197094
1987,238077,197474
2021,238099,197133
2010,238144,197395
2036,238300,197272
2012,238009,197275
2015,237892,197236
2054,238249,197348
2028,238447,197403
2033,238420,197348
2034,238266,197290
2027,238414,197288
2084,238254,197293
2058,238414,197182
2062,238350,197247
2087,238456,197329
2085,238511,197152
2090,238533,197443
2094,238465,197483
2092,238478,197319
2116,238588,197389
2076,238536,197409
2083,238744,197350
2110,238457,197323
2100,238735,197418
2138,238742,197407
3327,238783,197561
3224,238751,197556
2056,238768,197224
1918,238727,197377
1925,238831,197409
1953,239001,197441
1971,238506,197465
1983,238854,197397
1967,238763,197356
1963,238459,197380
2047,238516,197300
2041,238249,197144
2050,237913,196962
2068,237885,197109
2039,237950,197351
2045,237757,197185
1982,238085,197204
1985,237972,197217
2038,237973,197253
2031,238067,197256
2039,238167,197327
2022,238005,197321
2012,238289,197284
2064,238409,197390
2047,238458,197389
2052,238359,197330
2075,238446,197369
2065,238497,197506
2074,238142,197310
2077,238212,197283
2071,238506,197329
2097,238630,197376
2057,238414,197212
2064,238557,197280
2095,238573,197295
2128,238647,197450
2133,238695,197659
2070,238646,197416
2069,238717,197497
2110,238754,197576
2070,238590,197545
2078,238769,197523
2083,238575,197462
3347,238863,197401
3262,238946,197414
2036,238684,197161
2019,238823,197237
1970,238818,197328
1946,238733,197398
1961,238735,197386
1938,239023,197362
2008,238587,197366
2019,238888,197102
2003,238688,197113
2006,238487,197344
2064,238165,197288
2070,238019,197115
2077,237930,196850
1997,237790,197083
2032,238147,197183
2035,238161,197318
1977,237969,197248
1983,237752,197192
2034,238092,197043
2030,238147,197165
2041,238305,197478
2015,238130,197292
2018,238382,197239
2074,238462,197309
2026,238566,197240
2038,238395,196932
2070,238410,197025
2080,238439,197257
2094,238446,197439
2047,238461,197260
2056,238127,197283
2135,238383,197302
2068,238376,197281
2082,238632,197317
2090,238634,197364
2120,238528,197303
2123,238673,197176
2015,238726,197441
2034,238786,197614
3515,238793,197554
2106,238772,197483
2102,238716,197311
1930,238668,197355
1978,238891,197481
1975,238885,197351
1947,238899,197386
1946,238903,197357
1994,238969,197407
2042,238676,197236
2055,238545,197068
2042,238302,197199
2092,237901,197097
2090,237980,196849
1999,238076,197207
2005,238152,197221
2014,238213,197139
2008,237886,197087
2015,238203,196758
2002,238078,196988
2037,238319,197192
2039,238525,197221
2021,238404,197200
2028,238418,197266
2047,238545,197360
2062,238539,197320
2065,238258,197278
2029,238456,197241
2028,238282,197240
2086,238505,197288
2066,238604,197270
2071,238660,197263
2089,238783,197337
2124,238441,197262
2126,238755,197326
2079,238795,197446
2081,238756,197568
2102,238546,197279
2110,238667,197291
2119,238570,197290
2130,238888,197342
3211,238640,197277
3111,238795,197098
1992,238800,197353
1994,238818,197222
1936,238465,197317
1941,238774,197310
1951,239063,197308
1917,238772,197333
2002,238661,197308
1997,238956,197373
2006,238766,197386
2019,238372,197040
2047,238073,197139
2080,237876,196998
2085,238002,196999
2019,238133,196991
2021,238137,196894
2017,238027,197140
2015,238244,197082
2027,238005,197110
2018,238033,197137
2044,238148,197095
2043,238157,197172
2031,238239,196978
2060,238412,196931
2056,238452,197208
2043,238372,197190
2052,238417,197135
2047,238507,197189
2085,238244,197137
2091,238620,197166
2072,238368,197191
2084,238531,196826
2080,238554,197408
2110,238637,197070
2119,238631,197059
2089,238665,197309
2120,238586,197356
2122,238394,197198
2093,238772,197207
2095,238397,197181
1997,238758,197468
3711,238706,197304
3795,238717,197224
2238,238850,197322
1974,238858,197378
1970,238871,197312
1930,238859,197208
1938,238866,197234
1936,239054,197249
1988,238803,197383
1991,238864,197409
1983,238598,197285
2071,238558,197200
2072,238403,197143
2072,237964,196812
2077,237973,196713
2047,237897,196972
2024,238127,196918
2023,238132,196862
1993,238063,196887
2038,238193,197062
2035,238229,197064
2032,238038,196870
2037,238253,196661
2020,238335,197240
2073,238391,197277
2068,238116,197087
2029,238504,197188
2060,238364,197104
2058,238407,197119
2070,238356,197041
2074,238433,197334
2045,238504,197197
2097,238565,197297
2096,238617,197254
2085,238709,197236
2108,238858,197378
2107,238655,197363
2126,238619,196838
2129,238635,196948
2041,238547,197218
3011,238722,197054
3105,238648,197060
2438,238736,197365
2431,238715,197307
1968,238806,197374
1977,238878,197045
1978,238584,197173
1940,238519,197183
1976,238676,197206
1977,238713,197197
1997,238728,197260
2012,238340,197117
2034,238338,196565
2087,238154,196828
2092,238022,197194
2025,238035,197008
2012,238084,196966
2007,238075,196601
2011,238154,197079
2018,238207,197114
1987,238056,196994
2047,238002,197150
2048,238269,197278
2041,238382,197062
2036,238123,196996
2035,238408,196782
2061,238460,196991
2067,238403,197071
2060,238433,197096
2104,238469,197012
2107,238419,196724
2124,238466,196955
2087,238503,196768
2086,238620,197082
2111,238364,197279
2106,238668,197333
2076,238636,197198
2056,238708,197188
2073,238709,197146
3558,238577,196906
2081,238729,197266
2062,238472,197158
1958,238704,197191
1962,238591,197199
1946,238462,197170
1968,238497,197146
1972,238818,197187
2007,238630,197148
2015,238711,196910
2022,238200,197093
2103,238132,196896
2105,238045,196775
2061,238045,197120
2042,238022,197132
2039,237929,196932
2025,237940,196986
2025,238255,197010
1999,238080,197020
2047,237941,196981
2055,238011,196956
2030,238203,196714
2047,238171,196825
2045,238095,196974
2058,238263,197083
2059,238370,197258
2036,238224,196905
2084,238096,197043
2085,238360,197288
2081,238347,197060
2068,238217,196963
2062,238418,196663
2129,238379,196921
2125,238157,197040
2081,238538,197247
2108,238648,197131
2107,238550,197077
2107,238281,197129
2169,238406,197067
2205,238556,197109
3078,238459,197205
2979,238721,197379
1991,238440,197086
1936,238562,197091
1934,238664,196994
1966,238780,197151
1949,238771,197203
1949,238463,197094
2006,238528,197005
2010,238591,197123
